"lat","lon","r1","R2","RECT","LAT","EASTING","Area"
68.25,0.25,65,"F0W","65F0W",68.25,0.25,1145361622
68.25,-0.25,65,"E9E","65E9E",68.25,-0.25,1145361622
68.25,-0.75,65,"E9W","65E9W",68.25,-0.75,1145361622
68.25,-1.25,65,"E8E","65E8E",68.25,-1.25,1145361622
68.25,-1.75,65,"E8W","65E8W",68.25,-1.75,1145361622
68.25,-2.25,65,"E7E","65E7E",68.25,-2.25,1145361622
68.25,-2.75,65,"E7W","65E7W",68.25,-2.75,1145361622
68.25,-3.25,65,"E6E","65E6E",68.25,-3.25,1145361622
68.25,-3.75,65,"E6W","65E6W",68.25,-3.75,1145361622
68.25,-4.25,65,"E5E","65E5E",68.25,-4.25,1145361622
68.25,-4.75,65,"E5W","65E5W",68.25,-4.75,1145361622
68.25,-5.25,65,"E4E","65E4E",68.25,-5.25,1145361622
68.25,-5.75,65,"E4W","65E4W",68.25,-5.75,1145361622
68.25,-6.25,65,"E3E","65E3E",68.25,-6.25,1145361622
68.25,-6.75,65,"E3W","65E3W",68.25,-6.75,1145361622
68.25,-7.25,65,"E2E","65E2E",68.25,-7.25,1145361622
68.25,-7.75,65,"E2W","65E2W",68.25,-7.75,1145361622
68.25,-8.25,65,"E1E","65E1E",68.25,-8.25,1145361622
68.25,-8.75,65,"E1W","65E1W",68.25,-8.75,1145361622
68.25,-9.25,65,"E0E","65E0E",68.25,-9.25,1145361622
68.25,-9.75,65,"E0W","65E0W",68.25,-9.75,1145361622
68.25,-10.25,65,"D9E","65D9E",68.25,-10.25,1145361622
68.25,-10.75,65,"D9W","65D9W",68.25,-10.75,1145361622
68.25,-11.25,65,"D8E","65D8E",68.25,-11.25,1145361622
68.25,-11.75,65,"D8W","65D8W",68.25,-11.75,1145361622
68.25,-12.25,65,"D7E","65D7E",68.25,-12.25,1145361622
68.25,-12.75,65,"D7W","65D7W",68.25,-12.75,1145361622
68.25,-13.25,65,"D6E","65D6E",68.25,-13.25,1145361622
68.25,-13.75,65,"D6W","65D6W",68.25,-13.75,1145361622
68.25,-14.25,65,"D5E","65D5E",68.25,-14.25,1145361622
68.25,-14.75,65,"D5W","65D5W",68.25,-14.75,1145361622
68.25,-15.25,65,"D4E","65D4E",68.25,-15.25,1145361622
68.25,-15.75,65,"D4W","65D4W",68.25,-15.75,1145361622
68.25,-16.25,65,"D3E","65D3E",68.25,-16.25,1145361622
68.25,-16.75,65,"D3W","65D3W",68.25,-16.75,1145361622
68.25,-17.25,65,"D2E","65D2E",68.25,-17.25,1145361622
68.25,-17.75,65,"D2W","65D2W",68.25,-17.75,1145361622
67.75,0.25,64,"F0W","64F0W",67.75,0.25,1170370773
67.75,-0.25,64,"E9E","64E9E",67.75,-0.25,1170370773
67.75,-0.75,64,"E9W","64E9W",67.75,-0.75,1170370773
67.75,-1.25,64,"E8E","64E8E",67.75,-1.25,1170370773
67.75,-1.75,64,"E8W","64E8W",67.75,-1.75,1170370773
67.75,-2.25,64,"E7E","64E7E",67.75,-2.25,1170370773
67.75,-2.75,64,"E7W","64E7W",67.75,-2.75,1170370773
67.75,-3.25,64,"E6E","64E6E",67.75,-3.25,1170370773
67.75,-3.75,64,"E6W","64E6W",67.75,-3.75,1170370773
67.75,-4.25,64,"E5E","64E5E",67.75,-4.25,1170370773
67.75,-4.75,64,"E5W","64E5W",67.75,-4.75,1170370773
67.75,-5.25,64,"E4E","64E4E",67.75,-5.25,1170370773
67.75,-5.75,64,"E4W","64E4W",67.75,-5.75,1170370773
67.75,-6.25,64,"E3E","64E3E",67.75,-6.25,1170370773
67.75,-6.75,64,"E3W","64E3W",67.75,-6.75,1170370773
67.75,-7.25,64,"E2E","64E2E",67.75,-7.25,1170370773
67.75,-7.75,64,"E2W","64E2W",67.75,-7.75,1170370773
67.75,-8.25,64,"E1E","64E1E",67.75,-8.25,1170370773
67.75,-8.75,64,"E1W","64E1W",67.75,-8.75,1170370773
67.75,-9.25,64,"E0E","64E0E",67.75,-9.25,1170370773
67.75,-9.75,64,"E0W","64E0W",67.75,-9.75,1170370773
67.75,-10.25,64,"D9E","64D9E",67.75,-10.25,1170370773
67.75,-10.75,64,"D9W","64D9W",67.75,-10.75,1170370773
67.75,-11.25,64,"D8E","64D8E",67.75,-11.25,1170370773
67.75,-11.75,64,"D8W","64D8W",67.75,-11.75,1170370773
67.75,-12.25,64,"D7E","64D7E",67.75,-12.25,1170370773
67.75,-12.75,64,"D7W","64D7W",67.75,-12.75,1170370773
67.75,-13.25,64,"D6E","64D6E",67.75,-13.25,1170370773
67.75,-13.75,64,"D6W","64D6W",67.75,-13.75,1170370773
67.75,-14.25,64,"D5E","64D5E",67.75,-14.25,1170370773
67.75,-14.75,64,"D5W","64D5W",67.75,-14.75,1170370773
67.75,-15.25,64,"D4E","64D4E",67.75,-15.25,1170370773
67.75,-15.75,64,"D4W","64D4W",67.75,-15.75,1170370773
67.75,-16.25,64,"D3E","64D3E",67.75,-16.25,1170370773
67.75,-16.75,64,"D3W","64D3W",67.75,-16.75,1170370773
67.75,-17.25,64,"D2E","64D2E",67.75,-17.25,1170370773
67.75,-17.75,64,"D2W","64D2W",67.75,-17.75,1170370773
67.25,0.25,63,"F0W","63F0W",67.25,0.25,1195290796
67.25,-0.25,63,"E9E","63E9E",67.25,-0.25,1195290796
67.25,-0.75,63,"E9W","63E9W",67.25,-0.75,1195290796
67.25,-1.25,63,"E8E","63E8E",67.25,-1.25,1195290796
67.25,-1.75,63,"E8W","63E8W",67.25,-1.75,1195290796
67.25,-2.25,63,"E7E","63E7E",67.25,-2.25,1195290796
67.25,-2.75,63,"E7W","63E7W",67.25,-2.75,1195290796
67.25,-3.25,63,"E6E","63E6E",67.25,-3.25,1195290796
67.25,-3.75,63,"E6W","63E6W",67.25,-3.75,1195290796
67.25,-4.25,63,"E5E","63E5E",67.25,-4.25,1195290796
67.25,-4.75,63,"E5W","63E5W",67.25,-4.75,1195290796
67.25,-5.25,63,"E4E","63E4E",67.25,-5.25,1195290796
67.25,-5.75,63,"E4W","63E4W",67.25,-5.75,1195290796
67.25,-6.25,63,"E3E","63E3E",67.25,-6.25,1195290796
67.25,-6.75,63,"E3W","63E3W",67.25,-6.75,1195290796
67.25,-7.25,63,"E2E","63E2E",67.25,-7.25,1195290796
67.25,-7.75,63,"E2W","63E2W",67.25,-7.75,1195290796
67.25,-8.25,63,"E1E","63E1E",67.25,-8.25,1195290796
67.25,-8.75,63,"E1W","63E1W",67.25,-8.75,1195290796
67.25,-9.25,63,"E0E","63E0E",67.25,-9.25,1195290796
67.25,-9.75,63,"E0W","63E0W",67.25,-9.75,1195290796
67.25,-10.25,63,"D9E","63D9E",67.25,-10.25,1195290796
67.25,-10.75,63,"D9W","63D9W",67.25,-10.75,1195290796
67.25,-11.25,63,"D8E","63D8E",67.25,-11.25,1195290796
67.25,-11.75,63,"D8W","63D8W",67.25,-11.75,1195290796
67.25,-12.25,63,"D7E","63D7E",67.25,-12.25,1195290796
67.25,-12.75,63,"D7W","63D7W",67.25,-12.75,1195290796
67.25,-13.25,63,"D6E","63D6E",67.25,-13.25,1195290796
67.25,-13.75,63,"D6W","63D6W",67.25,-13.75,1195290796
67.25,-14.25,63,"D5E","63D5E",67.25,-14.25,1195290796
67.25,-14.75,63,"D5W","63D5W",67.25,-14.75,1195290796
67.25,-15.25,63,"D4E","63D4E",67.25,-15.25,1195290796
67.25,-15.75,63,"D4W","63D4W",67.25,-15.75,1195290796
67.25,-16.25,63,"D3E","63D3E",67.25,-16.25,1195290796
67.25,-16.75,63,"D3W","63D3W",67.25,-16.75,1195290796
67.25,-17.25,63,"D2E","63D2E",67.25,-17.25,1195290796
67.25,-17.75,63,"D2W","63D2W",67.25,-17.75,1195290796
66.75,0.25,62,"F0W","62F0W",66.75,0.25,1220119792
66.75,-0.25,62,"E9E","62E9E",66.75,-0.25,1220119792
66.75,-0.75,62,"E9W","62E9W",66.75,-0.75,1220119792
66.75,-1.25,62,"E8E","62E8E",66.75,-1.25,1220119792
66.75,-1.75,62,"E8W","62E8W",66.75,-1.75,1220119792
66.75,-2.25,62,"E7E","62E7E",66.75,-2.25,1220119792
66.75,-2.75,62,"E7W","62E7W",66.75,-2.75,1220119792
66.75,-3.25,62,"E6E","62E6E",66.75,-3.25,1220119792
66.75,-3.75,62,"E6W","62E6W",66.75,-3.75,1220119792
66.75,-4.25,62,"E5E","62E5E",66.75,-4.25,1220119792
66.75,-4.75,62,"E5W","62E5W",66.75,-4.75,1220119792
66.75,-5.25,62,"E4E","62E4E",66.75,-5.25,1220119792
66.75,-5.75,62,"E4W","62E4W",66.75,-5.75,1220119792
66.75,-6.25,62,"E3E","62E3E",66.75,-6.25,1220119792
66.75,-6.75,62,"E3W","62E3W",66.75,-6.75,1220119792
66.75,-7.25,62,"E2E","62E2E",66.75,-7.25,1220119792
66.75,-7.75,62,"E2W","62E2W",66.75,-7.75,1220119792
66.75,-8.25,62,"E1E","62E1E",66.75,-8.25,1220119792
66.75,-8.75,62,"E1W","62E1W",66.75,-8.75,1220119792
66.75,-9.25,62,"E0E","62E0E",66.75,-9.25,1220119792
66.75,-9.75,62,"E0W","62E0W",66.75,-9.75,1220119792
66.75,-10.25,62,"D9E","62D9E",66.75,-10.25,1220119792
66.75,-10.75,62,"D9W","62D9W",66.75,-10.75,1220119792
66.75,-11.25,62,"D8E","62D8E",66.75,-11.25,1220119792
66.75,-11.75,62,"D8W","62D8W",66.75,-11.75,1220119792
66.75,-12.25,62,"D7E","62D7E",66.75,-12.25,1220119792
66.75,-12.75,62,"D7W","62D7W",66.75,-12.75,1220119792
66.75,-13.25,62,"D6E","62D6E",66.75,-13.25,1220119792
66.75,-13.75,62,"D6W","62D6W",66.75,-13.75,1220119792
66.75,-14.25,62,"D5E","62D5E",66.75,-14.25,1220119792
66.75,-14.75,62,"D5W","62D5W",66.75,-14.75,1220119792
66.75,-15.25,62,"D4E","62D4E",66.75,-15.25,1220119792
66.75,-15.75,62,"D4W","62D4W",66.75,-15.75,1220119792
66.75,-16.25,62,"D3E","62D3E",66.75,-16.25,1220119792
66.75,-16.75,62,"D3W","62D3W",66.75,-16.75,1220119792
66.75,-17.25,62,"D2E","62D2E",66.75,-17.25,1220119792
66.75,-17.75,62,"D2W","62D2W",66.75,-17.75,1220119792
66.25,0.25,61,"F0W","61F0W",66.25,0.25,1244855872
66.25,-0.25,61,"E9E","61E9E",66.25,-0.25,1244855872
66.25,-0.75,61,"E9W","61E9W",66.25,-0.75,1244855872
66.25,-1.25,61,"E8E","61E8E",66.25,-1.25,1244855872
66.25,-1.75,61,"E8W","61E8W",66.25,-1.75,1244855872
66.25,-2.25,61,"E7E","61E7E",66.25,-2.25,1244855872
66.25,-2.75,61,"E7W","61E7W",66.25,-2.75,1244855872
66.25,-3.25,61,"E6E","61E6E",66.25,-3.25,1244855872
66.25,-3.75,61,"E6W","61E6W",66.25,-3.75,1244855872
66.25,-4.25,61,"E5E","61E5E",66.25,-4.25,1244855872
66.25,-4.75,61,"E5W","61E5W",66.25,-4.75,1244855872
66.25,-5.25,61,"E4E","61E4E",66.25,-5.25,1244855872
66.25,-5.75,61,"E4W","61E4W",66.25,-5.75,1244855872
66.25,-6.25,61,"E3E","61E3E",66.25,-6.25,1244855872
66.25,-6.75,61,"E3W","61E3W",66.25,-6.75,1244855872
66.25,-7.25,61,"E2E","61E2E",66.25,-7.25,1244855872
66.25,-7.75,61,"E2W","61E2W",66.25,-7.75,1244855872
66.25,-8.25,61,"E1E","61E1E",66.25,-8.25,1244855872
66.25,-8.75,61,"E1W","61E1W",66.25,-8.75,1244855872
66.25,-9.25,61,"E0E","61E0E",66.25,-9.25,1244855872
66.25,-9.75,61,"E0W","61E0W",66.25,-9.75,1244855872
66.25,-10.25,61,"D9E","61D9E",66.25,-10.25,1244855872
66.25,-10.75,61,"D9W","61D9W",66.25,-10.75,1244855872
66.25,-11.25,61,"D8E","61D8E",66.25,-11.25,1244855872
66.25,-11.75,61,"D8W","61D8W",66.25,-11.75,1244855872
66.25,-12.25,61,"D7E","61D7E",66.25,-12.25,1244855872
66.25,-12.75,61,"D7W","61D7W",66.25,-12.75,1244855872
66.25,-13.25,61,"D6E","61D6E",66.25,-13.25,1244855872
66.25,-13.75,61,"D6W","61D6W",66.25,-13.75,1244855872
66.25,-14.25,61,"D5E","61D5E",66.25,-14.25,1244855872
66.25,-14.75,61,"D5W","61D5W",66.25,-14.75,1244855872
66.25,-15.25,61,"D4E","61D4E",66.25,-15.25,1244855872
66.25,-15.75,61,"D4W","61D4W",66.25,-15.75,1244855872
66.25,-16.25,61,"D3E","61D3E",66.25,-16.25,1244855872
66.25,-16.75,61,"D3W","61D3W",66.25,-16.75,1244855872
66.25,-17.25,61,"D2E","61D2E",66.25,-17.25,1244855872
66.25,-17.75,61,"D2W","61D2W",66.25,-17.75,1244855872
65.75,0.25,60,"F0W","60F0W",65.75,0.25,1269497151
65.75,-0.25,60,"E9E","60E9E",65.75,-0.25,1269497151
65.75,-0.75,60,"E9W","60E9W",65.75,-0.75,1269497151
65.75,-1.25,60,"E8E","60E8E",65.75,-1.25,1269497151
65.75,-1.75,60,"E8W","60E8W",65.75,-1.75,1269497151
65.75,-2.25,60,"E7E","60E7E",65.75,-2.25,1269497151
65.75,-2.75,60,"E7W","60E7W",65.75,-2.75,1269497151
65.75,-3.25,60,"E6E","60E6E",65.75,-3.25,1269497151
65.75,-3.75,60,"E6W","60E6W",65.75,-3.75,1269497151
65.75,-4.25,60,"E5E","60E5E",65.75,-4.25,1269497151
65.75,-4.75,60,"E5W","60E5W",65.75,-4.75,1269497151
65.75,-5.25,60,"E4E","60E4E",65.75,-5.25,1269497151
65.75,-5.75,60,"E4W","60E4W",65.75,-5.75,1269497151
65.75,-6.25,60,"E3E","60E3E",65.75,-6.25,1269497151
65.75,-6.75,60,"E3W","60E3W",65.75,-6.75,1269497151
65.75,-7.25,60,"E2E","60E2E",65.75,-7.25,1269497151
65.75,-7.75,60,"E2W","60E2W",65.75,-7.75,1269497151
65.75,-8.25,60,"E1E","60E1E",65.75,-8.25,1269497151
65.75,-8.75,60,"E1W","60E1W",65.75,-8.75,1269497151
65.75,-9.25,60,"E0E","60E0E",65.75,-9.25,1269497151
65.75,-9.75,60,"E0W","60E0W",65.75,-9.75,1269497151
65.75,-10.25,60,"D9E","60D9E",65.75,-10.25,1269497151
65.75,-10.75,60,"D9W","60D9W",65.75,-10.75,1269497151
65.75,-11.25,60,"D8E","60D8E",65.75,-11.25,1269497151
65.75,-11.75,60,"D8W","60D8W",65.75,-11.75,1269497151
65.75,-12.25,60,"D7E","60D7E",65.75,-12.25,1269497151
65.75,-12.75,60,"D7W","60D7W",65.75,-12.75,1269497151
65.75,-13.25,60,"D6E","60D6E",65.75,-13.25,1269497151
65.75,-13.75,60,"D6W","60D6W",65.75,-13.75,1269497151
65.75,-14.25,60,"D5E","60D5E",65.75,-14.25,1269497151
65.75,-14.75,60,"D5W","60D5W",65.75,-14.75,1269497151
65.75,-15.25,60,"D4E","60D4E",65.75,-15.25,1269497151
65.75,-15.75,60,"D4W","60D4W",65.75,-15.75,1269497151
65.75,-16.25,60,"D3E","60D3E",65.75,-16.25,1269497151
65.75,-16.75,60,"D3W","60D3W",65.75,-16.75,1269497151
65.75,-17.25,60,"D2E","60D2E",65.75,-17.25,1269497151
65.75,-17.75,60,"D2W","60D2W",65.75,-17.75,1269497151
65.25,0.25,59,"F0W","59F0W",65.25,0.25,1294041753
65.25,-0.25,59,"E9E","59E9E",65.25,-0.25,1294041753
65.25,-0.75,59,"E9W","59E9W",65.25,-0.75,1294041753
65.25,-1.25,59,"E8E","59E8E",65.25,-1.25,1294041753
65.25,-1.75,59,"E8W","59E8W",65.25,-1.75,1294041753
65.25,-2.25,59,"E7E","59E7E",65.25,-2.25,1294041753
65.25,-2.75,59,"E7W","59E7W",65.25,-2.75,1294041753
65.25,-3.25,59,"E6E","59E6E",65.25,-3.25,1294041753
65.25,-3.75,59,"E6W","59E6W",65.25,-3.75,1294041753
65.25,-4.25,59,"E5E","59E5E",65.25,-4.25,1294041753
65.25,-4.75,59,"E5W","59E5W",65.25,-4.75,1294041753
65.25,-5.25,59,"E4E","59E4E",65.25,-5.25,1294041753
65.25,-5.75,59,"E4W","59E4W",65.25,-5.75,1294041753
65.25,-6.25,59,"E3E","59E3E",65.25,-6.25,1294041753
65.25,-6.75,59,"E3W","59E3W",65.25,-6.75,1294041753
65.25,-7.25,59,"E2E","59E2E",65.25,-7.25,1294041753
65.25,-7.75,59,"E2W","59E2W",65.25,-7.75,1294041753
65.25,-8.25,59,"E1E","59E1E",65.25,-8.25,1294041753
65.25,-8.75,59,"E1W","59E1W",65.25,-8.75,1294041753
65.25,-9.25,59,"E0E","59E0E",65.25,-9.25,1294041753
65.25,-9.75,59,"E0W","59E0W",65.25,-9.75,1294041753
65.25,-10.25,59,"D9E","59D9E",65.25,-10.25,1294041753
65.25,-10.75,59,"D9W","59D9W",65.25,-10.75,1294041753
65.25,-11.25,59,"D8E","59D8E",65.25,-11.25,1294041753
65.25,-11.75,59,"D8W","59D8W",65.25,-11.75,1294041753
65.25,-12.25,59,"D7E","59D7E",65.25,-12.25,1294041753
65.25,-12.75,59,"D7W","59D7W",65.25,-12.75,1294041753
65.25,-13.25,59,"D6E","59D6E",65.25,-13.25,1294041753
65.25,-13.75,59,"D6W","59D6W",65.25,-13.75,1294041753
65.25,-14.25,59,"D5E","59D5E",65.25,-14.25,1294041753
65.25,-14.75,59,"D5W","59D5W",65.25,-14.75,1294041753
65.25,-15.25,59,"D4E","59D4E",65.25,-15.25,1294041753
65.25,-15.75,59,"D4W","59D4W",65.25,-15.75,1294041753
65.25,-16.25,59,"D3E","59D3E",65.25,-16.25,1294041753
65.25,-16.75,59,"D3W","59D3W",65.25,-16.75,1294041753
65.25,-17.25,59,"D2E","59D2E",65.25,-17.25,1294041753
65.25,-17.75,59,"D2W","59D2W",65.25,-17.75,1294041753
64.75,0.25,58,"F0W","58F0W",64.75,0.25,1318487809
64.75,-0.25,58,"E9E","58E9E",64.75,-0.25,1318487809
64.75,-0.75,58,"E9W","58E9W",64.75,-0.75,1318487809
64.75,-1.25,58,"E8E","58E8E",64.75,-1.25,1318487809
64.75,-1.75,58,"E8W","58E8W",64.75,-1.75,1318487809
64.75,-2.25,58,"E7E","58E7E",64.75,-2.25,1318487809
64.75,-2.75,58,"E7W","58E7W",64.75,-2.75,1318487809
64.75,-3.25,58,"E6E","58E6E",64.75,-3.25,1318487809
64.75,-3.75,58,"E6W","58E6W",64.75,-3.75,1318487809
64.75,-4.25,58,"E5E","58E5E",64.75,-4.25,1318487809
64.75,-4.75,58,"E5W","58E5W",64.75,-4.75,1318487809
64.75,-5.25,58,"E4E","58E4E",64.75,-5.25,1318487809
64.75,-5.75,58,"E4W","58E4W",64.75,-5.75,1318487809
64.75,-6.25,58,"E3E","58E3E",64.75,-6.25,1318487809
64.75,-6.75,58,"E3W","58E3W",64.75,-6.75,1318487809
64.75,-7.25,58,"E2E","58E2E",64.75,-7.25,1318487809
64.75,-7.75,58,"E2W","58E2W",64.75,-7.75,1318487809
64.75,-8.25,58,"E1E","58E1E",64.75,-8.25,1318487809
64.75,-8.75,58,"E1W","58E1W",64.75,-8.75,1318487809
64.75,-9.25,58,"E0E","58E0E",64.75,-9.25,1318487809
64.75,-9.75,58,"E0W","58E0W",64.75,-9.75,1318487809
64.75,-10.25,58,"D9E","58D9E",64.75,-10.25,1318487809
64.75,-10.75,58,"D9W","58D9W",64.75,-10.75,1318487809
64.75,-11.25,58,"D8E","58D8E",64.75,-11.25,1318487809
64.75,-11.75,58,"D8W","58D8W",64.75,-11.75,1318487809
64.75,-12.25,58,"D7E","58D7E",64.75,-12.25,1318487809
64.75,-12.75,58,"D7W","58D7W",64.75,-12.75,1318487809
64.75,-13.25,58,"D6E","58D6E",64.75,-13.25,1318487809
64.75,-13.75,58,"D6W","58D6W",64.75,-13.75,1318487809
64.75,-14.25,58,"D5E","58D5E",64.75,-14.25,1318487809
64.75,-14.75,58,"D5W","58D5W",64.75,-14.75,1318487809
64.75,-15.25,58,"D4E","58D4E",64.75,-15.25,1318487809
64.75,-15.75,58,"D4W","58D4W",64.75,-15.75,1318487809
64.75,-16.25,58,"D3E","58D3E",64.75,-16.25,1318487809
64.75,-16.75,58,"D3W","58D3W",64.75,-16.75,1318487809
64.75,-17.25,58,"D2E","58D2E",64.75,-17.25,1318487809
64.75,-17.75,58,"D2W","58D2W",64.75,-17.75,1318487809
64.25,0.25,57,"F0W","57F0W",64.25,0.25,1342833457
64.25,-0.25,57,"E9E","57E9E",64.25,-0.25,1342833457
64.25,-0.75,57,"E9W","57E9W",64.25,-0.75,1342833457
64.25,-1.25,57,"E8E","57E8E",64.25,-1.25,1342833457
64.25,-1.75,57,"E8W","57E8W",64.25,-1.75,1342833457
64.25,-2.25,57,"E7E","57E7E",64.25,-2.25,1342833457
64.25,-2.75,57,"E7W","57E7W",64.25,-2.75,1342833457
64.25,-3.25,57,"E6E","57E6E",64.25,-3.25,1342833457
64.25,-3.75,57,"E6W","57E6W",64.25,-3.75,1342833457
64.25,-4.25,57,"E5E","57E5E",64.25,-4.25,1342833457
64.25,-4.75,57,"E5W","57E5W",64.25,-4.75,1342833457
64.25,-5.25,57,"E4E","57E4E",64.25,-5.25,1342833457
64.25,-5.75,57,"E4W","57E4W",64.25,-5.75,1342833457
64.25,-6.25,57,"E3E","57E3E",64.25,-6.25,1342833457
64.25,-6.75,57,"E3W","57E3W",64.25,-6.75,1342833457
64.25,-7.25,57,"E2E","57E2E",64.25,-7.25,1342833457
64.25,-7.75,57,"E2W","57E2W",64.25,-7.75,1342833457
64.25,-8.25,57,"E1E","57E1E",64.25,-8.25,1342833457
64.25,-8.75,57,"E1W","57E1W",64.25,-8.75,1342833457
64.25,-9.25,57,"E0E","57E0E",64.25,-9.25,1342833457
64.25,-9.75,57,"E0W","57E0W",64.25,-9.75,1342833457
64.25,-10.25,57,"D9E","57D9E",64.25,-10.25,1342833457
64.25,-10.75,57,"D9W","57D9W",64.25,-10.75,1342833457
64.25,-11.25,57,"D8E","57D8E",64.25,-11.25,1342833457
64.25,-11.75,57,"D8W","57D8W",64.25,-11.75,1342833457
64.25,-12.25,57,"D7E","57D7E",64.25,-12.25,1342833457
64.25,-12.75,57,"D7W","57D7W",64.25,-12.75,1342833457
64.25,-13.25,57,"D6E","57D6E",64.25,-13.25,1342833457
64.25,-13.75,57,"D6W","57D6W",64.25,-13.75,1342833457
64.25,-14.25,57,"D5E","57D5E",64.25,-14.25,1342833457
64.25,-14.75,57,"D5W","57D5W",64.25,-14.75,1342833457
64.25,-15.25,57,"D4E","57D4E",64.25,-15.25,1342833457
64.25,-15.75,57,"D4W","57D4W",64.25,-15.75,1342833457
64.25,-16.25,57,"D3E","57D3E",64.25,-16.25,1342833457
64.25,-16.75,57,"D3W","57D3W",64.25,-16.75,1342833457
64.25,-17.25,57,"D2E","57D2E",64.25,-17.25,1342833457
64.25,-17.75,57,"D2W","57D2W",64.25,-17.75,1342833457
63.75,0.25,56,"F0W","56F0W",63.75,0.25,1367076842
63.75,-0.25,56,"E9E","56E9E",63.75,-0.25,1367076842
63.75,-0.75,56,"E9W","56E9W",63.75,-0.75,1367076842
63.75,-1.25,56,"E8E","56E8E",63.75,-1.25,1367076842
63.75,-1.75,56,"E8W","56E8W",63.75,-1.75,1367076842
63.75,-2.25,56,"E7E","56E7E",63.75,-2.25,1367076842
63.75,-2.75,56,"E7W","56E7W",63.75,-2.75,1367076842
63.75,-3.25,56,"E6E","56E6E",63.75,-3.25,1367076842
63.75,-3.75,56,"E6W","56E6W",63.75,-3.75,1367076842
63.75,-4.25,56,"E5E","56E5E",63.75,-4.25,1367076842
63.75,-4.75,56,"E5W","56E5W",63.75,-4.75,1367076842
63.75,-5.25,56,"E4E","56E4E",63.75,-5.25,1367076842
63.75,-5.75,56,"E4W","56E4W",63.75,-5.75,1367076842
63.75,-6.25,56,"E3E","56E3E",63.75,-6.25,1367076842
63.75,-6.75,56,"E3W","56E3W",63.75,-6.75,1367076842
63.75,-7.25,56,"E2E","56E2E",63.75,-7.25,1367076842
63.75,-7.75,56,"E2W","56E2W",63.75,-7.75,1367076842
63.75,-8.25,56,"E1E","56E1E",63.75,-8.25,1367076842
63.75,-8.75,56,"E1W","56E1W",63.75,-8.75,1367076842
63.75,-9.25,56,"E0E","56E0E",63.75,-9.25,1367076842
63.75,-9.75,56,"E0W","56E0W",63.75,-9.75,1367076842
63.75,-10.25,56,"D9E","56D9E",63.75,-10.25,1367076842
63.75,-10.75,56,"D9W","56D9W",63.75,-10.75,1367076842
63.75,-11.25,56,"D8E","56D8E",63.75,-11.25,1367076842
63.75,-11.75,56,"D8W","56D8W",63.75,-11.75,1367076842
63.75,-12.25,56,"D7E","56D7E",63.75,-12.25,1367076842
63.75,-12.75,56,"D7W","56D7W",63.75,-12.75,1367076842
63.75,-13.25,56,"D6E","56D6E",63.75,-13.25,1367076842
63.75,-13.75,56,"D6W","56D6W",63.75,-13.75,1367076842
63.75,-14.25,56,"D5E","56D5E",63.75,-14.25,1367076842
63.75,-14.75,56,"D5W","56D5W",63.75,-14.75,1367076842
63.75,-15.25,56,"D4E","56D4E",63.75,-15.25,1367076842
63.75,-15.75,56,"D4W","56D4W",63.75,-15.75,1367076842
63.75,-16.25,56,"D3E","56D3E",63.75,-16.25,1367076842
63.75,-16.75,56,"D3W","56D3W",63.75,-16.75,1367076842
63.75,-17.25,56,"D2E","56D2E",63.75,-17.25,1367076842
63.75,-17.75,56,"D2W","56D2W",63.75,-17.75,1367076842
63.25,0.25,55,"F0W","55F0W",63.25,0.25,1391216120
63.25,-0.25,55,"E9E","55E9E",63.25,-0.25,1391216120
63.25,-0.75,55,"E9W","55E9W",63.25,-0.75,1391216120
63.25,-1.25,55,"E8E","55E8E",63.25,-1.25,1391216120
63.25,-1.75,55,"E8W","55E8W",63.25,-1.75,1391216120
63.25,-2.25,55,"E7E","55E7E",63.25,-2.25,1391216120
63.25,-2.75,55,"E7W","55E7W",63.25,-2.75,1391216120
63.25,-3.25,55,"E6E","55E6E",63.25,-3.25,1391216120
63.25,-3.75,55,"E6W","55E6W",63.25,-3.75,1391216120
63.25,-4.25,55,"E5E","55E5E",63.25,-4.25,1391216120
63.25,-4.75,55,"E5W","55E5W",63.25,-4.75,1391216120
63.25,-5.25,55,"E4E","55E4E",63.25,-5.25,1391216120
63.25,-5.75,55,"E4W","55E4W",63.25,-5.75,1391216120
63.25,-6.25,55,"E3E","55E3E",63.25,-6.25,1391216120
63.25,-6.75,55,"E3W","55E3W",63.25,-6.75,1391216120
63.25,-7.25,55,"E2E","55E2E",63.25,-7.25,1391216120
63.25,-7.75,55,"E2W","55E2W",63.25,-7.75,1391216120
63.25,-8.25,55,"E1E","55E1E",63.25,-8.25,1391216120
63.25,-8.75,55,"E1W","55E1W",63.25,-8.75,1391216120
63.25,-9.25,55,"E0E","55E0E",63.25,-9.25,1391216120
63.25,-9.75,55,"E0W","55E0W",63.25,-9.75,1391216120
63.25,-10.25,55,"D9E","55D9E",63.25,-10.25,1391216120
63.25,-10.75,55,"D9W","55D9W",63.25,-10.75,1391216120
63.25,-11.25,55,"D8E","55D8E",63.25,-11.25,1391216120
63.25,-11.75,55,"D8W","55D8W",63.25,-11.75,1391216120
63.25,-12.25,55,"D7E","55D7E",63.25,-12.25,1391216120
63.25,-12.75,55,"D7W","55D7W",63.25,-12.75,1391216120
63.25,-13.25,55,"D6E","55D6E",63.25,-13.25,1391216120
63.25,-13.75,55,"D6W","55D6W",63.25,-13.75,1391216120
63.25,-14.25,55,"D5E","55D5E",63.25,-14.25,1391216120
63.25,-14.75,55,"D5W","55D5W",63.25,-14.75,1391216120
63.25,-15.25,55,"D4E","55D4E",63.25,-15.25,1391216120
63.25,-15.75,55,"D4W","55D4W",63.25,-15.75,1391216120
63.25,-16.25,55,"D3E","55D3E",63.25,-16.25,1391216120
63.25,-16.75,55,"D3W","55D3W",63.25,-16.75,1391216120
63.25,-17.25,55,"D2E","55D2E",63.25,-17.25,1391216120
63.25,-17.75,55,"D2W","55D2W",63.25,-17.75,1391216120
62.75,0.25,54,"F0W","54F0W",62.75,0.25,1415249451
62.75,-0.25,54,"E9E","54E9E",62.75,-0.25,1415249451
62.75,-0.75,54,"E9W","54E9W",62.75,-0.75,1415249451
62.75,-1.25,54,"E8E","54E8E",62.75,-1.25,1415249451
62.75,-1.75,54,"E8W","54E8W",62.75,-1.75,1415249451
62.75,-2.25,54,"E7E","54E7E",62.75,-2.25,1415249451
62.75,-2.75,54,"E7W","54E7W",62.75,-2.75,1415249451
62.75,-3.25,54,"E6E","54E6E",62.75,-3.25,1415249451
62.75,-3.75,54,"E6W","54E6W",62.75,-3.75,1415249451
62.75,-4.25,54,"E5E","54E5E",62.75,-4.25,1415249451
62.75,-4.75,54,"E5W","54E5W",62.75,-4.75,1415249451
62.75,-5.25,54,"E4E","54E4E",62.75,-5.25,1415249451
62.75,-5.75,54,"E4W","54E4W",62.75,-5.75,1415249451
62.75,-6.25,54,"E3E","54E3E",62.75,-6.25,1415249451
62.75,-6.75,54,"E3W","54E3W",62.75,-6.75,1415249451
62.75,-7.25,54,"E2E","54E2E",62.75,-7.25,1415249451
62.75,-7.75,54,"E2W","54E2W",62.75,-7.75,1415249451
62.75,-8.25,54,"E1E","54E1E",62.75,-8.25,1415249451
62.75,-8.75,54,"E1W","54E1W",62.75,-8.75,1415249451
62.75,-9.25,54,"E0E","54E0E",62.75,-9.25,1415249451
62.75,-9.75,54,"E0W","54E0W",62.75,-9.75,1415249451
62.75,-10.25,54,"D9E","54D9E",62.75,-10.25,1415249451
62.75,-10.75,54,"D9W","54D9W",62.75,-10.75,1415249451
62.75,-11.25,54,"D8E","54D8E",62.75,-11.25,1415249451
62.75,-11.75,54,"D8W","54D8W",62.75,-11.75,1415249451
62.75,-12.25,54,"D7E","54D7E",62.75,-12.25,1415249451
62.75,-12.75,54,"D7W","54D7W",62.75,-12.75,1415249451
62.75,-13.25,54,"D6E","54D6E",62.75,-13.25,1415249451
62.75,-13.75,54,"D6W","54D6W",62.75,-13.75,1415249451
62.75,-14.25,54,"D5E","54D5E",62.75,-14.25,1415249451
62.75,-14.75,54,"D5W","54D5W",62.75,-14.75,1415249451
62.75,-15.25,54,"D4E","54D4E",62.75,-15.25,1415249451
62.75,-15.75,54,"D4W","54D4W",62.75,-15.75,1415249451
62.75,-16.25,54,"D3E","54D3E",62.75,-16.25,1415249451
62.75,-16.75,54,"D3W","54D3W",62.75,-16.75,1415249451
62.75,-17.25,54,"D2E","54D2E",62.75,-17.25,1415249451
62.75,-17.75,54,"D2W","54D2W",62.75,-17.75,1415249451
62.75,-18.25,54,"D1E","54D1E",62.75,-18.25,1415249451
62.75,-18.75,54,"D1W","54D1W",62.75,-18.75,1415249451
62.75,-19.25,54,"D0E","54D0E",62.75,-19.25,1415249451
62.75,-19.75,54,"D0W","54D0W",62.75,-19.75,1415249451
62.75,-20.25,54,"C9E","54C9E",62.75,-20.25,1415249451
62.75,-20.75,54,"C9W","54C9W",62.75,-20.75,1415249451
62.75,-21.25,54,"C8E","54C8E",62.75,-21.25,1415249451
62.75,-21.75,54,"C8W","54C8W",62.75,-21.75,1415249451
62.75,-22.75,54,"C7W","54C7W",62.75,-22.75,1415249451
62.25,0.25,53,"F0W","53F0W",62.25,0.25,1439175006
62.25,-0.25,53,"E9E","53E9E",62.25,-0.25,1439175006
62.25,-0.75,53,"E9W","53E9W",62.25,-0.75,1439175006
62.25,-1.25,53,"E8E","53E8E",62.25,-1.25,1439175006
62.25,-1.75,53,"E8W","53E8W",62.25,-1.75,1439175006
62.25,-2.25,53,"E7E","53E7E",62.25,-2.25,1439175006
62.25,-2.75,53,"E7W","53E7W",62.25,-2.75,1439175006
62.25,-3.25,53,"E6E","53E6E",62.25,-3.25,1439175006
62.25,-3.75,53,"E6W","53E6W",62.25,-3.75,1439175006
62.25,-4.25,53,"E5E","53E5E",62.25,-4.25,1439175006
62.25,-4.75,53,"E5W","53E5W",62.25,-4.75,1439175006
62.25,-5.25,53,"E4E","53E4E",62.25,-5.25,1439175006
62.25,-5.75,53,"E4W","53E4W",62.25,-5.75,1439175006
62.25,-6.25,53,"E3E","53E3E",62.25,-6.25,1439175006
62.25,-6.75,53,"E3W","53E3W",62.25,-6.75,1439175006
62.25,-7.25,53,"E2E","53E2E",62.25,-7.25,1439175006
62.25,-7.75,53,"E2W","53E2W",62.25,-7.75,1439175006
62.25,-8.25,53,"E1E","53E1E",62.25,-8.25,1439175006
62.25,-8.75,53,"E1W","53E1W",62.25,-8.75,1439175006
62.25,-9.25,53,"E0E","53E0E",62.25,-9.25,1439175006
62.25,-9.75,53,"E0W","53E0W",62.25,-9.75,1439175006
62.25,-10.25,53,"D9E","53D9E",62.25,-10.25,1439175006
62.25,-10.75,53,"D9W","53D9W",62.25,-10.75,1439175006
62.25,-11.25,53,"D8E","53D8E",62.25,-11.25,1439175006
62.25,-11.75,53,"D8W","53D8W",62.25,-11.75,1439175006
62.25,-12.25,53,"D7E","53D7E",62.25,-12.25,1439175006
62.25,-12.75,53,"D7W","53D7W",62.25,-12.75,1439175006
62.25,-13.25,53,"D6E","53D6E",62.25,-13.25,1439175006
62.25,-13.75,53,"D6W","53D6W",62.25,-13.75,1439175006
62.25,-14.25,53,"D5E","53D5E",62.25,-14.25,1439175006
62.25,-14.75,53,"D5W","53D5W",62.25,-14.75,1439175006
62.25,-15.25,53,"D4E","53D4E",62.25,-15.25,1439175006
62.25,-15.75,53,"D4W","53D4W",62.25,-15.75,1439175006
62.25,-16.25,53,"D3E","53D3E",62.25,-16.25,1439175006
62.25,-16.75,53,"D3W","53D3W",62.25,-16.75,1439175006
62.25,-17.25,53,"D2E","53D2E",62.25,-17.25,1439175006
62.25,-17.75,53,"D2W","53D2W",62.25,-17.75,1439175006
62.25,-18.75,53,"C9E","53D1W",62.25,-18.75,1439175006
62.25,-19.75,53,"C9E","53D0W",62.25,-19.75,1439175006
62.25,-20.25,53,"C9E","53C9E",62.25,-20.25,1439175006
62.25,-20.75,53,"C9W","53C9W",62.25,-20.75,1439175006
61.75,0.25,52,"F0W","52F0W",61.75,0.25,1462990961
61.75,-0.25,52,"E9E","52E9E",61.75,-0.25,1462990961
61.75,-0.75,52,"E9W","52E9W",61.75,-0.75,1462990961
61.75,-1.25,52,"E8E","52E8E",61.75,-1.25,1462990961
61.75,-1.75,52,"E8W","52E8W",61.75,-1.75,1462990961
61.75,-2.25,52,"E7E","52E7E",61.75,-2.25,1462990961
61.75,-2.75,52,"E7W","52E7W",61.75,-2.75,1462990961
61.75,-3.25,52,"E6E","52E6E",61.75,-3.25,1462990961
61.75,-3.75,52,"E6W","52E6W",61.75,-3.75,1462990961
61.75,-4.25,52,"E5E","52E5E",61.75,-4.25,1462990961
61.75,-4.75,52,"E5W","52E5W",61.75,-4.75,1462990961
61.75,-5.25,52,"E4E","52E4E",61.75,-5.25,1462990961
61.75,-5.75,52,"E4W","52E4W",61.75,-5.75,1462990961
61.75,-6.25,52,"E3E","52E3E",61.75,-6.25,1462990961
61.75,-6.75,52,"E3W","52E3W",61.75,-6.75,1462990961
61.75,-7.25,52,"E2E","52E2E",61.75,-7.25,1462990961
61.75,-7.75,52,"E2W","52E2W",61.75,-7.75,1462990961
61.75,-8.25,52,"E1E","52E1E",61.75,-8.25,1462990961
61.75,-8.75,52,"E1W","52E1W",61.75,-8.75,1462990961
61.75,-9.25,52,"E0E","52E0E",61.75,-9.25,1462990961
61.75,-9.75,52,"E0W","52E0W",61.75,-9.75,1462990961
61.75,-10.25,52,"D9E","52D9E",61.75,-10.25,1462990961
61.75,-10.75,52,"D9W","52D9W",61.75,-10.75,1462990961
61.75,-11.25,52,"D8E","52D8E",61.75,-11.25,1462990961
61.75,-11.75,52,"D8W","52D8W",61.75,-11.75,1462990961
61.75,-12.25,52,"D7E","52D7E",61.75,-12.25,1462990961
61.75,-12.75,52,"D7W","52D7W",61.75,-12.75,1462990961
61.75,-13.25,52,"D6E","52D6E",61.75,-13.25,1462990961
61.75,-13.75,52,"D6W","52D6W",61.75,-13.75,1462990961
61.75,-14.25,52,"D5E","52D5E",61.75,-14.25,1462990961
61.75,-14.75,52,"D5W","52D5W",61.75,-14.75,1462990961
61.75,-15.25,52,"D4E","52D4E",61.75,-15.25,1462990961
61.75,-15.75,52,"D4W","52D4W",61.75,-15.75,1462990961
61.75,-16.25,52,"D3E","52D3E",61.75,-16.25,1462990961
61.75,-16.75,52,"D3W","52D3W",61.75,-16.75,1462990961
61.75,-17.25,52,"D2E","52D2E",61.75,-17.25,1462990961
61.75,-17.75,52,"D2W","52D2W",61.75,-17.75,1462990961
61.75,-18.25,52,"D1E","52D1E",61.75,-18.25,1462990961
61.75,-18.75,52,"D1W","52D1W",61.75,-18.75,1462990961
61.75,-19.25,52,"D0E","52D0E",61.75,-19.25,1462990961
61.75,-19.75,52,"D0W","52D0W",61.75,-19.75,1462990961
61.75,-20.25,52,"C9E","52C9E",61.75,-20.25,1462990961
61.75,-20.75,52,"C9W","52C9W",61.75,-20.75,1462990961
61.75,-21.25,52,"C8E","52C8E",61.75,-21.25,1462990961
61.25,0.25,51,"F0W","51F0W",61.25,0.25,1486695505
61.25,-0.25,51,"E9E","51E9E",61.25,-0.25,1486695505
61.25,-0.75,51,"E9W","51E9W",61.25,-0.75,1486695505
61.25,-1.25,51,"E8E","51E8E",61.25,-1.25,1486695505
61.25,-1.75,51,"E8W","51E8W",61.25,-1.75,1486695505
61.25,-2.25,51,"E7E","51E7E",61.25,-2.25,1486695505
61.25,-2.75,51,"E7W","51E7W",61.25,-2.75,1486695505
61.25,-3.25,51,"E6E","51E6E",61.25,-3.25,1486695505
61.25,-3.75,51,"E6W","51E6W",61.25,-3.75,1486695505
61.25,-4.25,51,"E5E","51E5E",61.25,-4.25,1486695505
61.25,-4.75,51,"E5W","51E5W",61.25,-4.75,1486695505
61.25,-5.25,51,"E4E","51E4E",61.25,-5.25,1486695505
61.25,-5.75,51,"E4W","51E4W",61.25,-5.75,1486695505
61.25,-6.25,51,"E3E","51E3E",61.25,-6.25,1486695505
61.25,-6.75,51,"E3W","51E3W",61.25,-6.75,1486695505
61.25,-7.25,51,"E2E","51E2E",61.25,-7.25,1486695505
61.25,-7.75,51,"E2W","51E2W",61.25,-7.75,1486695505
61.25,-8.25,51,"E1E","51E1E",61.25,-8.25,1486695505
61.25,-8.75,51,"E1W","51E1W",61.25,-8.75,1486695505
61.25,-9.25,51,"E0E","51E0E",61.25,-9.25,1486695505
61.25,-9.75,51,"E0W","51E0W",61.25,-9.75,1486695505
61.25,-10.25,51,"D9E","51D9E",61.25,-10.25,1486695505
61.25,-10.75,51,"D9W","51D9W",61.25,-10.75,1486695505
61.25,-11.25,51,"D8E","51D8E",61.25,-11.25,1486695505
61.25,-11.75,51,"D8W","51D8W",61.25,-11.75,1486695505
61.25,-12.25,51,"D7E","51D7E",61.25,-12.25,1486695505
61.25,-12.75,51,"D7W","51D7W",61.25,-12.75,1486695505
61.25,-13.25,51,"D6E","51D6E",61.25,-13.25,1486695505
61.25,-13.75,51,"D6W","51D6W",61.25,-13.75,1486695505
61.25,-14.25,51,"D5E","51D5E",61.25,-14.25,1486695505
61.25,-14.75,51,"D5W","51D5W",61.25,-14.75,1486695505
61.25,-15.25,51,"D4E","51D4E",61.25,-15.25,1486695505
61.25,-15.75,51,"D4W","51D4W",61.25,-15.75,1486695505
61.25,-16.25,51,"D3E","51D3E",61.25,-16.25,1486695505
61.25,-16.75,51,"D3W","51D3W",61.25,-16.75,1486695505
61.25,-17.25,51,"D2E","51D2E",61.25,-17.25,1486695505
61.25,-17.75,51,"D2W","51D2W",61.25,-17.75,1486695505
60.75,0.25,50,"F0W","50F0W",60.75,0.25,1510286830
60.75,-0.25,50,"E9E","50E9E",60.75,-0.25,1510286830
60.75,-0.75,50,"E9W","50E9W",60.75,-0.75,1510286830
60.75,-1.25,50,"E8E","50E8E",60.75,-1.25,1510286830
60.75,-1.75,50,"E8W","50E8W",60.75,-1.75,1510286830
60.75,-2.25,50,"E7E","50E7E",60.75,-2.25,1510286830
60.75,-2.75,50,"E7W","50E7W",60.75,-2.75,1510286830
60.75,-3.25,50,"E6E","50E6E",60.75,-3.25,1510286830
60.75,-3.75,50,"E6W","50E6W",60.75,-3.75,1510286830
60.75,-4.25,50,"E5E","50E5E",60.75,-4.25,1510286830
60.75,-4.75,50,"E5W","50E5W",60.75,-4.75,1510286830
60.75,-5.25,50,"E4E","50E4E",60.75,-5.25,1510286830
60.75,-5.75,50,"E4W","50E4W",60.75,-5.75,1510286830
60.75,-6.25,50,"E3E","50E3E",60.75,-6.25,1510286830
60.75,-6.75,50,"E3W","50E3W",60.75,-6.75,1510286830
60.75,-7.25,50,"E2E","50E2E",60.75,-7.25,1510286830
60.75,-7.75,50,"E2W","50E2W",60.75,-7.75,1510286830
60.75,-8.25,50,"E1E","50E1E",60.75,-8.25,1510286830
60.75,-8.75,50,"E1W","50E1W",60.75,-8.75,1510286830
60.75,-9.25,50,"E0E","50E0E",60.75,-9.25,1510286830
60.75,-9.75,50,"E0W","50E0W",60.75,-9.75,1510286830
60.75,-10.25,50,"D9E","50D9E",60.75,-10.25,1510286830
60.75,-10.75,50,"D9W","50D9W",60.75,-10.75,1510286830
60.75,-11.25,50,"D8E","50D8E",60.75,-11.25,1510286830
60.75,-11.75,50,"D8W","50D8W",60.75,-11.75,1510286830
60.75,-12.25,50,"D7E","50D7E",60.75,-12.25,1510286830
60.75,-12.75,50,"D7W","50D7W",60.75,-12.75,1510286830
60.75,-13.25,50,"D6E","50D6E",60.75,-13.25,1510286830
60.75,-13.75,50,"D6W","50D6W",60.75,-13.75,1510286830
60.75,-14.25,50,"D5E","50D5E",60.75,-14.25,1510286830
60.75,-14.75,50,"D5W","50D5W",60.75,-14.75,1510286830
60.75,-15.25,50,"D4E","50D4E",60.75,-15.25,1510286830
60.75,-15.75,50,"D4W","50D4W",60.75,-15.75,1510286830
60.75,-16.25,50,"D3E","50D3E",60.75,-16.25,1510286830
60.75,-16.75,50,"D3W","50D3W",60.75,-16.75,1510286830
60.75,-17.25,50,"D2E","50D2E",60.75,-17.25,1510286830
60.75,-17.75,50,"D2W","50D2W",60.75,-17.75,1510286830
60.75,-18.25,50,"D1E","50D1E",60.75,-18.25,1510286830
60.75,-18.75,50,"D1W","50D1W",60.75,-18.75,1510286830
60.75,-19.25,50,"D0E","50D0E",60.75,-19.25,1510286830
60.25,0.25,49,"F0W","49F0W",60.25,0.25,1533763142
60.25,-0.25,49,"E9E","49E9E",60.25,-0.25,1533763142
60.25,-0.75,49,"E9W","49E9W",60.25,-0.75,1533763142
60.25,-1.25,49,"E8E","49E8E",60.25,-1.25,1533763142
60.25,-1.75,49,"E8W","49E8W",60.25,-1.75,1533763142
60.25,-2.25,49,"E7E","49E7E",60.25,-2.25,1533763142
60.25,-2.75,49,"E7W","49E7W",60.25,-2.75,1533763142
60.25,-3.25,49,"E6E","49E6E",60.25,-3.25,1533763142
60.25,-3.75,49,"E6W","49E6W",60.25,-3.75,1533763142
60.25,-4.25,49,"E5E","49E5E",60.25,-4.25,1533763142
60.25,-4.75,49,"E5W","49E5W",60.25,-4.75,1533763142
60.25,-5.25,49,"E4E","49E4E",60.25,-5.25,1533763142
60.25,-5.75,49,"E4W","49E4W",60.25,-5.75,1533763142
60.25,-6.25,49,"E3E","49E3E",60.25,-6.25,1533763142
60.25,-6.75,49,"E3W","49E3W",60.25,-6.75,1533763142
60.25,-7.25,49,"E2E","49E2E",60.25,-7.25,1533763142
60.25,-7.75,49,"E2W","49E2W",60.25,-7.75,1533763142
60.25,-8.25,49,"E1E","49E1E",60.25,-8.25,1533763142
60.25,-8.75,49,"E1W","49E1W",60.25,-8.75,1533763142
60.25,-9.25,49,"E0E","49E0E",60.25,-9.25,1533763142
60.25,-9.75,49,"E0W","49E0W",60.25,-9.75,1533763142
60.25,-10.25,49,"D9E","49D9E",60.25,-10.25,1533763142
60.25,-10.75,49,"D9W","49D9W",60.25,-10.75,1533763142
60.25,-11.25,49,"D8E","49D8E",60.25,-11.25,1533763142
60.25,-11.75,49,"D8W","49D8W",60.25,-11.75,1533763142
60.25,-12.25,49,"D7E","49D7E",60.25,-12.25,1533763142
60.25,-12.75,49,"D7W","49D7W",60.25,-12.75,1533763142
60.25,-13.25,49,"D6E","49D6E",60.25,-13.25,1533763142
60.25,-13.75,49,"D6W","49D6W",60.25,-13.75,1533763142
60.25,-14.25,49,"D5E","49D5E",60.25,-14.25,1533763142
60.25,-14.75,49,"D5W","49D5W",60.25,-14.75,1533763142
60.25,-15.25,49,"D4E","49D4E",60.25,-15.25,1533763142
60.25,-15.75,49,"D4W","49D4W",60.25,-15.75,1533763142
60.25,-16.25,49,"D3E","49D3E",60.25,-16.25,1533763142
60.25,-16.75,49,"D3W","49D3W",60.25,-16.75,1533763142
60.25,-17.25,49,"D2E","49D2E",60.25,-17.25,1533763142
60.25,-17.75,49,"D2W","49D2W",60.25,-17.75,1533763142
60.25,-18.25,49,"D1E","49D1E",60.25,-18.25,1533763142
60.25,-18.75,49,"D1W","49D1W",60.25,-18.75,1533763142
60.25,-19.25,49,"D0E","49D0E",60.25,-19.25,1533763142
59.75,0.25,48,"F0W","48F0W",59.75,0.25,1557122651
59.75,-0.25,48,"E9E","48E9E",59.75,-0.25,1557122651
59.75,-0.75,48,"E9W","48E9W",59.75,-0.75,1557122651
59.75,-1.25,48,"E8E","48E8E",59.75,-1.25,1557122651
59.75,-1.75,48,"E8W","48E8W",59.75,-1.75,1557122651
59.75,-2.25,48,"E7E","48E7E",59.75,-2.25,1557122651
59.75,-2.75,48,"E7W","48E7W",59.75,-2.75,1557122651
59.75,-3.25,48,"E6E","48E6E",59.75,-3.25,1557122651
59.75,-3.75,48,"E6W","48E6W",59.75,-3.75,1557122651
59.75,-4.25,48,"E5E","48E5E",59.75,-4.25,1557122651
59.75,-4.75,48,"E5W","48E5W",59.75,-4.75,1557122651
59.75,-5.25,48,"E4E","48E4E",59.75,-5.25,1557122651
59.75,-5.75,48,"E4W","48E4W",59.75,-5.75,1557122651
59.75,-6.25,48,"E3E","48E3E",59.75,-6.25,1557122651
59.75,-6.75,48,"E3W","48E3W",59.75,-6.75,1557122651
59.75,-7.25,48,"E2E","48E2E",59.75,-7.25,1557122651
59.75,-7.75,48,"E2W","48E2W",59.75,-7.75,1557122651
59.75,-8.25,48,"E1E","48E1E",59.75,-8.25,1557122651
59.75,-8.75,48,"E1W","48E1W",59.75,-8.75,1557122651
59.75,-9.25,48,"E0E","48E0E",59.75,-9.25,1557122651
59.75,-9.75,48,"E0W","48E0W",59.75,-9.75,1557122651
59.75,-10.25,48,"D9E","48D9E",59.75,-10.25,1557122651
59.75,-10.75,48,"D9W","48D9W",59.75,-10.75,1557122651
59.75,-11.25,48,"D8E","48D8E",59.75,-11.25,1557122651
59.75,-11.75,48,"D8W","48D8W",59.75,-11.75,1557122651
59.75,-12.25,48,"D7E","48D7E",59.75,-12.25,1557122651
59.75,-12.75,48,"D7W","48D7W",59.75,-12.75,1557122651
59.75,-13.25,48,"D6E","48D6E",59.75,-13.25,1557122651
59.75,-13.75,48,"D6W","48D6W",59.75,-13.75,1557122651
59.75,-14.25,48,"D5E","48D5E",59.75,-14.25,1557122651
59.75,-14.75,48,"D5W","48D5W",59.75,-14.75,1557122651
59.75,-15.25,48,"D4E","48D4E",59.75,-15.25,1557122651
59.75,-15.75,48,"D4W","48D4W",59.75,-15.75,1557122651
59.75,-16.25,48,"D3E","48D3E",59.75,-16.25,1557122651
59.75,-16.75,48,"D3W","48D3W",59.75,-16.75,1557122651
59.75,-17.25,48,"D2E","48D2E",59.75,-17.25,1557122651
59.75,-17.75,48,"D2W","48D2W",59.75,-17.75,1557122651
59.75,-18.25,48,"D1E","48D1E",59.75,-18.25,1557122651
59.25,0.25,47,"F0W","47F0W",59.25,0.25,1580363580
59.25,-0.25,47,"E9E","47E9E",59.25,-0.25,1580363580
59.25,-0.75,47,"E9W","47E9W",59.25,-0.75,1580363580
59.25,-1.25,47,"E8E","47E8E",59.25,-1.25,1580363580
59.25,-1.75,47,"E8W","47E8W",59.25,-1.75,1580363580
59.25,-2.25,47,"E7E","47E7E",59.25,-2.25,1580363580
59.25,-2.75,47,"E7W","47E7W",59.25,-2.75,1580363580
59.25,-3.25,47,"E6E","47E6E",59.25,-3.25,1580363580
59.25,-3.75,47,"E6W","47E6W",59.25,-3.75,1580363580
59.25,-4.25,47,"E5E","47E5E",59.25,-4.25,1580363580
59.25,-4.75,47,"E5W","47E5W",59.25,-4.75,1580363580
59.25,-5.25,47,"E4E","47E4E",59.25,-5.25,1580363580
59.25,-5.75,47,"E4W","47E4W",59.25,-5.75,1580363580
59.25,-6.25,47,"E3E","47E3E",59.25,-6.25,1580363580
59.25,-6.75,47,"E3W","47E3W",59.25,-6.75,1580363580
59.25,-7.25,47,"E2E","47E2E",59.25,-7.25,1580363580
59.25,-7.75,47,"E2W","47E2W",59.25,-7.75,1580363580
59.25,-8.25,47,"E1E","47E1E",59.25,-8.25,1580363580
59.25,-8.75,47,"E1W","47E1W",59.25,-8.75,1580363580
59.25,-9.25,47,"E0E","47E0E",59.25,-9.25,1580363580
59.25,-9.75,47,"E0W","47E0W",59.25,-9.75,1580363580
59.25,-10.25,47,"D9E","47D9E",59.25,-10.25,1580363580
59.25,-10.75,47,"D9W","47D9W",59.25,-10.75,1580363580
59.25,-11.25,47,"D8E","47D8E",59.25,-11.25,1580363580
59.25,-11.75,47,"D8W","47D8W",59.25,-11.75,1580363580
59.25,-12.25,47,"D7E","47D7E",59.25,-12.25,1580363580
59.25,-12.75,47,"D7W","47D7W",59.25,-12.75,1580363580
59.25,-13.25,47,"D6E","47D6E",59.25,-13.25,1580363580
59.25,-13.75,47,"D6W","47D6W",59.25,-13.75,1580363580
59.25,-14.25,47,"D5E","47D5E",59.25,-14.25,1580363580
59.25,-14.75,47,"D5W","47D5W",59.25,-14.75,1580363580
59.25,-15.25,47,"D4E","47D4E",59.25,-15.25,1580363580
59.25,-15.75,47,"D4W","47D4W",59.25,-15.75,1580363580
59.25,-16.25,47,"D3E","47D3E",59.25,-16.25,1580363580
59.25,-16.75,47,"D3W","47D3W",59.25,-16.75,1580363580
59.25,-17.25,47,"D2E","47D2E",59.25,-17.25,1580363580
59.25,-17.75,47,"D2W","47D2W",59.25,-17.75,1580363580
59.25,-18.25,47,"D1E","47D1E",59.25,-18.25,1580363580
59.25,-18.75,47,"D1W","47D1W",59.25,-18.75,1580363580
59.25,-19.25,47,"D0E","47D0E",59.25,-19.25,1580363580
58.75,0.25,46,"F0W","46F0W",58.75,0.25,1603484157
58.75,-0.25,46,"E9E","46E9E",58.75,-0.25,1603484157
58.75,-0.75,46,"E9W","46E9W",58.75,-0.75,1603484157
58.75,-1.25,46,"E8E","46E8E",58.75,-1.25,1603484157
58.75,-1.75,46,"E8W","46E8W",58.75,-1.75,1603484157
58.75,-2.25,46,"E7E","46E7E",58.75,-2.25,1603484157
58.75,-2.75,46,"E7W","46E7W",58.75,-2.75,1603484157
58.75,-3.25,46,"E6E","46E6E",58.75,-3.25,1603484157
58.75,-3.75,46,"E6W","46E6W",58.75,-3.75,1603484157
58.75,-4.25,46,"E5E","46E5E",58.75,-4.25,1603484157
58.75,-4.75,46,"E5W","46E5W",58.75,-4.75,1603484157
58.75,-5.25,46,"E4E","46E4E",58.75,-5.25,1603484157
58.75,-5.75,46,"E4W","46E4W",58.75,-5.75,1603484157
58.75,-6.25,46,"E3E","46E3E",58.75,-6.25,1603484157
58.75,-6.75,46,"E3W","46E3W",58.75,-6.75,1603484157
58.75,-7.25,46,"E2E","46E2E",58.75,-7.25,1603484157
58.75,-7.75,46,"E2W","46E2W",58.75,-7.75,1603484157
58.75,-8.25,46,"E1E","46E1E",58.75,-8.25,1603484157
58.75,-8.75,46,"E1W","46E1W",58.75,-8.75,1603484157
58.75,-9.25,46,"E0E","46E0E",58.75,-9.25,1603484157
58.75,-9.75,46,"E0W","46E0W",58.75,-9.75,1603484157
58.75,-10.25,46,"D9E","46D9E",58.75,-10.25,1603484157
58.75,-10.75,46,"D9W","46D9W",58.75,-10.75,1603484157
58.75,-11.25,46,"D8E","46D8E",58.75,-11.25,1603484157
58.75,-11.75,46,"D8W","46D8W",58.75,-11.75,1603484157
58.75,-12.25,46,"D7E","46D7E",58.75,-12.25,1603484157
58.75,-12.75,46,"D7W","46D7W",58.75,-12.75,1603484157
58.75,-13.25,46,"D6E","46D6E",58.75,-13.25,1603484157
58.75,-13.75,46,"D6W","46D6W",58.75,-13.75,1603484157
58.75,-14.25,46,"D5E","46D5E",58.75,-14.25,1603484157
58.75,-14.75,46,"D5W","46D5W",58.75,-14.75,1603484157
58.75,-15.25,46,"D4E","46D4E",58.75,-15.25,1603484157
58.75,-15.75,46,"D4W","46D4W",58.75,-15.75,1603484157
58.75,-16.25,46,"D3E","46D3E",58.75,-16.25,1603484157
58.75,-16.75,46,"D3W","46D3W",58.75,-16.75,1603484157
58.75,-17.25,46,"D2E","46D2E",58.75,-17.25,1603484157
58.75,-17.75,46,"D2W","46D2W",58.75,-17.75,1603484157
58.75,-18.25,46,"D1E","46D1E",58.75,-18.25,1603484158
58.75,-18.75,46,"D1W","46D1W",58.75,-18.75,1603484159
58.75,-19.25,46,"D0E","46D0E",58.75,-19.25,1603484157
58.25,0.25,45,"F0W","45F0W",58.25,0.25,1626482623
58.25,-0.25,45,"E9E","45E9E",58.25,-0.25,1626482623
58.25,-0.75,45,"E9W","45E9W",58.25,-0.75,1626482623
58.25,-1.25,45,"E8E","45E8E",58.25,-1.25,1626482623
58.25,-1.75,45,"E8W","45E8W",58.25,-1.75,1626482623
58.25,-2.25,45,"E7E","45E7E",58.25,-2.25,1626482623
58.25,-2.75,45,"E7W","45E7W",58.25,-2.75,1626482623
58.25,-3.25,45,"E6E","45E6E",58.25,-3.25,1626482623
58.25,-3.75,45,"E6W","45E6W",58.25,-3.75,1626482623
58.25,-4.25,45,"E5E","45E5E",58.25,-4.25,1626482623
58.25,-4.75,45,"E5W","45E5W",58.25,-4.75,1626482623
58.25,-5.25,45,"E4E","45E4E",58.25,-5.25,1626482623
58.25,-5.75,45,"E4W","45E4W",58.25,-5.75,1626482623
58.25,-6.25,45,"E3E","45E3E",58.25,-6.25,1626482623
58.25,-6.75,45,"E3W","45E3W",58.25,-6.75,1626482623
58.25,-7.25,45,"E2E","45E2E",58.25,-7.25,1626482623
58.25,-7.75,45,"E2W","45E2W",58.25,-7.75,1626482623
58.25,-8.25,45,"E1E","45E1E",58.25,-8.25,1626482623
58.25,-8.75,45,"E1W","45E1W",58.25,-8.75,1626482623
58.25,-9.25,45,"E0E","45E0E",58.25,-9.25,1626482623
58.25,-9.75,45,"E0W","45E0W",58.25,-9.75,1626482623
58.25,-10.25,45,"D9E","45D9E",58.25,-10.25,1626482623
58.25,-10.75,45,"D9W","45D9W",58.25,-10.75,1626482623
58.25,-11.25,45,"D8E","45D8E",58.25,-11.25,1626482623
58.25,-11.75,45,"D8W","45D8W",58.25,-11.75,1626482623
58.25,-12.25,45,"D7E","45D7E",58.25,-12.25,1626482623
58.25,-12.75,45,"D7W","45D7W",58.25,-12.75,1626482623
58.25,-13.25,45,"D6E","45D6E",58.25,-13.25,1626482623
58.25,-13.75,45,"D6W","45D6W",58.25,-13.75,1626482623
58.25,-14.25,45,"D5E","45D5E",58.25,-14.25,1626482623
58.25,-14.75,45,"D5W","45D5W",58.25,-14.75,1626482623
58.25,-15.25,45,"D4E","45D4E",58.25,-15.25,1626482623
58.25,-15.75,45,"D4W","45D4W",58.25,-15.75,1626482623
58.25,-16.25,45,"D3E","45D3E",58.25,-16.25,1626482623
58.25,-16.75,45,"D3W","45D3W",58.25,-16.75,1626482623
58.25,-17.25,45,"D2E","45D2E",58.25,-17.25,1626482623
58.25,-17.75,45,"D2W","45D2W",58.25,-17.75,1626482623
58.25,-18.25,45,"D1E","45D1E",58.25,-18.25,1626482623
58.25,-18.75,45,"D1W","45D1W",58.25,-18.75,1626482623
58.25,-19.25,45,"D0E","45D0E",58.25,-19.25,1626482623
58.25,-19.75,45,"D0W","45D0W",58.25,-19.75,1626482623
57.75,0.25,44,"F0W","44F0W",57.75,0.25,1649357227
57.75,-0.25,44,"E9E","44E9E",57.75,-0.25,1649357227
57.75,-0.75,44,"E9W","44E9W",57.75,-0.75,1649357227
57.75,-1.25,44,"E8E","44E8E",57.75,-1.25,1649357227
57.75,-1.75,44,"E8W","44E8W",57.75,-1.75,1649357227
57.75,-2.25,44,"E7E","44E7E",57.75,-2.25,1649357227
57.75,-2.75,44,"E7W","44E7W",57.75,-2.75,1649357227
57.75,-3.25,44,"E6E","44E6E",57.75,-3.25,1649357227
57.75,-3.75,44,"E6W","44E6W",57.75,-3.75,1649357227
57.75,-4.25,44,"E5E","44E5E",57.75,-4.25,1649357227
57.75,-4.75,44,"E5W","44E5W",57.75,-4.75,1649357227
57.75,-5.25,44,"E4E","44E4E",57.75,-5.25,1649357227
57.75,-5.75,44,"E4W","44E4W",57.75,-5.75,1649357227
57.75,-6.25,44,"E3E","44E3E",57.75,-6.25,1649357227
57.75,-6.75,44,"E3W","44E3W",57.75,-6.75,1649357227
57.75,-7.25,44,"E2E","44E2E",57.75,-7.25,1649357227
57.75,-7.75,44,"E2W","44E2W",57.75,-7.75,1649357227
57.75,-8.25,44,"E1E","44E1E",57.75,-8.25,1649357227
57.75,-8.75,44,"E1W","44E1W",57.75,-8.75,1649357227
57.75,-9.25,44,"E0E","44E0E",57.75,-9.25,1649357227
57.75,-9.75,44,"E0W","44E0W",57.75,-9.75,1649357227
57.75,-10.25,44,"D9E","44D9E",57.75,-10.25,1649357227
57.75,-10.75,44,"D9W","44D9W",57.75,-10.75,1649357227
57.75,-11.25,44,"D8E","44D8E",57.75,-11.25,1649357227
57.75,-11.75,44,"D8W","44D8W",57.75,-11.75,1649357227
57.75,-12.25,44,"D7E","44D7E",57.75,-12.25,1649357227
57.75,-12.75,44,"D7W","44D7W",57.75,-12.75,1649357227
57.75,-13.25,44,"D6E","44D6E",57.75,-13.25,1649357227
57.75,-13.75,44,"D6W","44D6W",57.75,-13.75,1649357227
57.75,-14.25,44,"D5E","44D5E",57.75,-14.25,1649357227
57.75,-14.75,44,"D5W","44D5W",57.75,-14.75,1649357227
57.75,-15.25,44,"D4E","44D4E",57.75,-15.25,1649357227
57.75,-15.75,44,"D4W","44D4W",57.75,-15.75,1649357227
57.75,-16.25,44,"D3E","44D3E",57.75,-16.25,1649357227
57.75,-16.75,44,"D3W","44D3W",57.75,-16.75,1649357227
57.75,-17.25,44,"D2E","44D2E",57.75,-17.25,1649357227
57.75,-17.75,44,"D2W","44D2W",57.75,-17.75,1649357227
57.75,-18.25,44,"D1E","44D1E",57.75,-18.25,1649357227
57.75,-18.75,44,"D1W","44D1W",57.75,-18.75,1649357227
57.75,-19.25,44,"D0E","44D0E",57.75,-19.25,1649357227
57.75,-19.75,44,"D0W","44D0W",57.75,-19.75,1649357227
57.75,-20.25,44,"C9E","44C9E",57.75,-20.25,1649357227
57.25,0.25,43,"F0W","43F0W",57.25,0.25,1672106225
57.25,-0.25,43,"E9E","43E9E",57.25,-0.25,1672106225
57.25,-0.75,43,"E9W","43E9W",57.25,-0.75,1672106225
57.25,-1.25,43,"E8E","43E8E",57.25,-1.25,1672106225
57.25,-1.75,43,"E8W","43E8W",57.25,-1.75,1672106225
57.25,-2.25,43,"E7E","43E7E",57.25,-2.25,1672106225
57.25,-2.75,43,"E7W","43E7W",57.25,-2.75,1672106225
57.25,-3.25,43,"E6E","43E6E",57.25,-3.25,1672106225
57.25,-3.75,43,"E6W","43E6W",57.25,-3.75,1672106225
57.25,-4.25,43,"E5E","43E5E",57.25,-4.25,1672106225
57.25,-4.75,43,"E5W","43E5W",57.25,-4.75,1672106225
57.25,-5.25,43,"E4E","43E4E",57.25,-5.25,1672106225
57.25,-5.75,43,"E4W","43E4W",57.25,-5.75,1672106225
57.25,-6.25,43,"E3E","43E3E",57.25,-6.25,1672106225
57.25,-6.75,43,"E3W","43E3W",57.25,-6.75,1672106225
57.25,-7.25,43,"E2E","43E2E",57.25,-7.25,1672106225
57.25,-7.75,43,"E2W","43E2W",57.25,-7.75,1672106225
57.25,-8.25,43,"E1E","43E1E",57.25,-8.25,1672106225
57.25,-8.75,43,"E1W","43E1W",57.25,-8.75,1672106225
57.25,-9.25,43,"E0E","43E0E",57.25,-9.25,1672106225
57.25,-9.75,43,"E0W","43E0W",57.25,-9.75,1672106225
57.25,-10.25,43,"D9E","43D9E",57.25,-10.25,1672106225
57.25,-10.75,43,"D9W","43D9W",57.25,-10.75,1672106225
57.25,-11.25,43,"D8E","43D8E",57.25,-11.25,1672106225
57.25,-11.75,43,"D8W","43D8W",57.25,-11.75,1672106225
57.25,-12.25,43,"D7E","43D7E",57.25,-12.25,1672106225
57.25,-12.75,43,"D7W","43D7W",57.25,-12.75,1672106225
57.25,-13.25,43,"D6E","43D6E",57.25,-13.25,1672106225
57.25,-13.75,43,"D6W","43D6W",57.25,-13.75,1672106225
57.25,-14.25,43,"D5E","43D5E",57.25,-14.25,1672106225
57.25,-14.75,43,"D5W","43D5W",57.25,-14.75,1672106225
57.25,-15.25,43,"D4E","43D4E",57.25,-15.25,1672106225
57.25,-15.75,43,"D4W","43D4W",57.25,-15.75,1672106225
57.25,-16.25,43,"D3E","43D3E",57.25,-16.25,1672106225
57.25,-16.75,43,"D3W","43D3W",57.25,-16.75,1672106225
57.25,-17.25,43,"D2E","43D2E",57.25,-17.25,1672106225
57.25,-17.75,43,"D2W","43D2W",57.25,-17.75,1672106225
57.25,-18.25,43,"D1E","43D1E",57.25,-18.25,1672106225
57.25,-18.75,43,"D1W","43D1W",57.25,-18.75,1672106225
57.25,-19.25,43,"D0E","43D0E",57.25,-19.25,1672106225
57.25,-19.75,43,"D0W","43D0W",57.25,-19.75,1672106225
57.25,-20.25,43,"C9E","43C9E",57.25,-20.25,1672106225
57.25,-20.75,43,"C9W","43C9W",57.25,-20.75,1672106225
57.25,-21.25,43,"C8E","43C8E",57.25,-21.25,1672106225
56.75,0.25,42,"F0W","42F0W",56.75,0.25,1694727886
56.75,-0.25,42,"E9E","42E9E",56.75,-0.25,1694727886
56.75,-0.75,42,"E9W","42E9W",56.75,-0.75,1694727886
56.75,-1.25,42,"E8E","42E8E",56.75,-1.25,1694727886
56.75,-1.75,42,"E8W","42E8W",56.75,-1.75,1694727886
56.75,-2.25,42,"E7E","42E7E",56.75,-2.25,1694727886
56.75,-2.75,42,"E7W","42E7W",56.75,-2.75,1694727886
56.75,-3.25,42,"E6E","42E6E",56.75,-3.25,1694727886
56.75,-3.75,42,"E6W","42E6W",56.75,-3.75,1694727886
56.75,-4.25,42,"E5E","42E5E",56.75,-4.25,1694727886
56.75,-4.75,42,"E5W","42E5W",56.75,-4.75,1694727886
56.75,-5.25,42,"E4E","42E4E",56.75,-5.25,1694727886
56.75,-5.75,42,"E4W","42E4W",56.75,-5.75,1694727886
56.75,-6.25,42,"E3E","42E3E",56.75,-6.25,1694727886
56.75,-6.75,42,"E3W","42E3W",56.75,-6.75,1694727886
56.75,-7.25,42,"E2E","42E2E",56.75,-7.25,1694727886
56.75,-7.75,42,"E2W","42E2W",56.75,-7.75,1694727886
56.75,-8.25,42,"E1E","42E1E",56.75,-8.25,1694727886
56.75,-8.75,42,"E1W","42E1W",56.75,-8.75,1694727886
56.75,-9.25,42,"E0E","42E0E",56.75,-9.25,1694727886
56.75,-9.75,42,"E0W","42E0W",56.75,-9.75,1694727886
56.75,-10.25,42,"D9E","42D9E",56.75,-10.25,1694727886
56.75,-10.75,42,"D9W","42D9W",56.75,-10.75,1694727886
56.75,-11.25,42,"D8E","42D8E",56.75,-11.25,1694727886
56.75,-11.75,42,"D8W","42D8W",56.75,-11.75,1694727886
56.75,-12.25,42,"D7E","42D7E",56.75,-12.25,1694727886
56.75,-12.75,42,"D7W","42D7W",56.75,-12.75,1694727886
56.75,-13.25,42,"D6E","42D6E",56.75,-13.25,1694727886
56.75,-13.75,42,"D6W","42D6W",56.75,-13.75,1694727886
56.75,-14.25,42,"D5E","42D5E",56.75,-14.25,1694727886
56.75,-14.75,42,"D5W","42D5W",56.75,-14.75,1694727886
56.75,-15.25,42,"D4E","42D4E",56.75,-15.25,1694727886
56.75,-15.75,42,"D4W","42D4W",56.75,-15.75,1694727886
56.75,-16.25,42,"D3E","42D3E",56.75,-16.25,1694727886
56.75,-16.75,42,"D3W","42D3W",56.75,-16.75,1694727886
56.75,-17.25,42,"D2E","42D2E",56.75,-17.25,1694727886
56.75,-17.75,42,"D2W","42D2W",56.75,-17.75,1694727886
56.75,-18.25,42,"D1E","42D1E",56.75,-18.25,1694727886
56.75,-18.75,42,"D1W","42D1W",56.75,-18.75,1694727886
56.75,-19.25,42,"D0E","42D0E",56.75,-19.25,1694727886
56.75,-19.75,42,"D0W","42D0W",56.75,-19.75,1694727886
56.75,-20.25,42,"C9E","42C9E",56.75,-20.25,1694727886
56.75,-20.75,42,"C9W","42C9W",56.75,-20.75,1694727886
56.75,-21.25,42,"C8E","42C8E",56.75,-21.25,1694727886
56.25,0.25,41,"F0W","41F0W",56.25,0.25,1717220487
56.25,-0.25,41,"E9E","41E9E",56.25,-0.25,1717220487
56.25,-0.75,41,"E9W","41E9W",56.25,-0.75,1717220487
56.25,-1.25,41,"E8E","41E8E",56.25,-1.25,1717220487
56.25,-1.75,41,"E8W","41E8W",56.25,-1.75,1717220487
56.25,-2.25,41,"E7E","41E7E",56.25,-2.25,1717220487
56.25,-2.75,41,"E7W","41E7W",56.25,-2.75,1717220487
56.25,-3.25,41,"E6E","41E6E",56.25,-3.25,1717220487
56.25,-3.75,41,"E6W","41E6W",56.25,-3.75,1717220487
56.25,-4.25,41,"E5E","41E5E",56.25,-4.25,1717220487
56.25,-4.75,41,"E5W","41E5W",56.25,-4.75,1717220487
56.25,-5.25,41,"E4E","41E4E",56.25,-5.25,1717220487
56.25,-5.75,41,"E4W","41E4W",56.25,-5.75,1717220487
56.25,-6.25,41,"E3E","41E3E",56.25,-6.25,1717220487
56.25,-6.75,41,"E3W","41E3W",56.25,-6.75,1717220487
56.25,-7.25,41,"E2E","41E2E",56.25,-7.25,1717220487
56.25,-7.75,41,"E2W","41E2W",56.25,-7.75,1717220487
56.25,-8.25,41,"E1E","41E1E",56.25,-8.25,1717220487
56.25,-8.75,41,"E1W","41E1W",56.25,-8.75,1717220487
56.25,-9.25,41,"E0E","41E0E",56.25,-9.25,1717220487
56.25,-9.75,41,"E0W","41E0W",56.25,-9.75,1717220487
56.25,-10.25,41,"D9E","41D9E",56.25,-10.25,1717220487
56.25,-10.75,41,"D9W","41D9W",56.25,-10.75,1717220487
56.25,-11.25,41,"D8E","41D8E",56.25,-11.25,1717220487
56.25,-11.75,41,"D8W","41D8W",56.25,-11.75,1717220487
56.25,-12.25,41,"D7E","41D7E",56.25,-12.25,1717220487
56.25,-12.75,41,"D7W","41D7W",56.25,-12.75,1717220487
56.25,-13.25,41,"D6E","41D6E",56.25,-13.25,1717220487
56.25,-13.75,41,"D6W","41D6W",56.25,-13.75,1717220487
56.25,-14.25,41,"D5E","41D5E",56.25,-14.25,1717220487
56.25,-14.75,41,"D5W","41D5W",56.25,-14.75,1717220487
56.25,-15.25,41,"D4E","41D4E",56.25,-15.25,1717220487
56.25,-15.75,41,"D4W","41D4W",56.25,-15.75,1717220487
56.25,-16.25,41,"D3E","41D3E",56.25,-16.25,1717220487
56.25,-16.75,41,"D3W","41D3W",56.25,-16.75,1717220487
56.25,-17.25,41,"D2E","41D2E",56.25,-17.25,1717220487
56.25,-17.75,41,"D2W","41D2W",56.25,-17.75,1717220487
56.25,-18.25,41,"D1E","41D1E",56.25,-18.25,1717220487
56.25,-18.75,41,"D1W","41D1W",56.25,-18.75,1717220487
56.25,-19.25,41,"D0E","41D0E",56.25,-19.25,1717220487
56.25,-19.75,41,"D0W","41D0W",56.25,-19.75,1717220487
56.25,-20.25,41,"C9E","41C9E",56.25,-20.25,1717220487
56.25,-20.75,41,"C9W","41C9W",56.25,-20.75,1717220487
56.25,-21.25,41,"C8E","41C8E",56.25,-21.25,1717220487
55.75,0.25,40,"F0W","40F0W",55.75,0.25,1739582315
55.75,-0.25,40,"E9E","40E9E",55.75,-0.25,1739582315
55.75,-0.75,40,"E9W","40E9W",55.75,-0.75,1739582315
55.75,-1.25,40,"E8E","40E8E",55.75,-1.25,1739582315
55.75,-1.75,40,"E8W","40E8W",55.75,-1.75,1739582315
55.75,-2.25,40,"E7E","40E7E",55.75,-2.25,1739582315
55.75,-2.75,40,"E7W","40E7W",55.75,-2.75,1739582315
55.75,-3.25,40,"E6E","40E6E",55.75,-3.25,1739582315
55.75,-3.75,40,"E6W","40E6W",55.75,-3.75,1739582315
55.75,-4.25,40,"E5E","40E5E",55.75,-4.25,1739582315
55.75,-4.75,40,"E5W","40E5W",55.75,-4.75,1739582315
55.75,-5.25,40,"E4E","40E4E",55.75,-5.25,1739582315
55.75,-5.75,40,"E4W","40E4W",55.75,-5.75,1739582315
55.75,-6.25,40,"E3E","40E3E",55.75,-6.25,1739582315
55.75,-6.75,40,"E3W","40E3W",55.75,-6.75,1739582315
55.75,-7.25,40,"E2E","40E2E",55.75,-7.25,1739582315
55.75,-7.75,40,"E2W","40E2W",55.75,-7.75,1739582315
55.75,-8.25,40,"E1E","40E1E",55.75,-8.25,1739582315
55.75,-8.75,40,"E1W","40E1W",55.75,-8.75,1739582315
55.75,-9.25,40,"E0E","40E0E",55.75,-9.25,1739582315
55.75,-9.75,40,"E0W","40E0W",55.75,-9.75,1739582315
55.75,-10.25,40,"D9E","40D9E",55.75,-10.25,1739582315
55.75,-10.75,40,"D9W","40D9W",55.75,-10.75,1739582315
55.75,-11.25,40,"D8E","40D8E",55.75,-11.25,1739582315
55.75,-11.75,40,"D8W","40D8W",55.75,-11.75,1739582315
55.75,-12.25,40,"D7E","40D7E",55.75,-12.25,1739582315
55.75,-12.75,40,"D7W","40D7W",55.75,-12.75,1739582315
55.75,-13.25,40,"D6E","40D6E",55.75,-13.25,1739582315
55.75,-13.75,40,"D6W","40D6W",55.75,-13.75,1739582315
55.75,-14.25,40,"D5E","40D5E",55.75,-14.25,1739582315
55.75,-14.75,40,"D5W","40D5W",55.75,-14.75,1739582315
55.75,-15.25,40,"D4E","40D4E",55.75,-15.25,1739582315
55.75,-15.75,40,"D4W","40D4W",55.75,-15.75,1739582315
55.75,-16.25,40,"D3E","40D3E",55.75,-16.25,1739582315
55.75,-16.75,40,"D3W","40D3W",55.75,-16.75,1739582315
55.75,-17.25,40,"D2E","40D2E",55.75,-17.25,1739582315
55.75,-17.75,40,"D2W","40D2W",55.75,-17.75,1739582315
55.75,-18.25,40,"D1E","40D1E",55.75,-18.25,1739582315
55.75,-18.75,40,"D1W","40D1W",55.75,-18.75,1739582315
55.75,-19.25,40,"D0E","40D0E",55.75,-19.25,1739582315
55.75,-19.75,40,"D0W","40D0W",55.75,-19.75,1739582315
55.25,0.25,39,"F0W","39F0W",55.25,0.25,1761811667
55.25,-0.25,39,"E9E","39E9E",55.25,-0.25,1761811667
55.25,-0.75,39,"E9W","39E9W",55.25,-0.75,1761811667
55.25,-1.25,39,"E8E","39E8E",55.25,-1.25,1761811667
55.25,-1.75,39,"E8W","39E8W",55.25,-1.75,1761811667
55.25,-2.25,39,"E7E","39E7E",55.25,-2.25,1761811667
55.25,-2.75,39,"E7W","39E7W",55.25,-2.75,1761811667
55.25,-3.25,39,"E6E","39E6E",55.25,-3.25,1761811667
55.25,-3.75,39,"E6W","39E6W",55.25,-3.75,1761811667
55.25,-4.25,39,"E5E","39E5E",55.25,-4.25,1761811667
55.25,-4.75,39,"E5W","39E5W",55.25,-4.75,1761811667
55.25,-5.25,39,"E4E","39E4E",55.25,-5.25,1761811667
55.25,-5.75,39,"E4W","39E4W",55.25,-5.75,1761811667
55.25,-6.25,39,"E3E","39E3E",55.25,-6.25,1761811667
55.25,-6.75,39,"E3W","39E3W",55.25,-6.75,1761811667
55.25,-7.25,39,"E2E","39E2E",55.25,-7.25,1761811667
55.25,-7.75,39,"E2W","39E2W",55.25,-7.75,1761811667
55.25,-8.25,39,"E1E","39E1E",55.25,-8.25,1761811667
55.25,-8.75,39,"E1W","39E1W",55.25,-8.75,1761811667
55.25,-9.25,39,"E0E","39E0E",55.25,-9.25,1761811667
55.25,-9.75,39,"E0W","39E0W",55.25,-9.75,1761811667
55.25,-10.25,39,"D9E","39D9E",55.25,-10.25,1761811667
55.25,-10.75,39,"D9W","39D9W",55.25,-10.75,1761811667
55.25,-11.25,39,"D8E","39D8E",55.25,-11.25,1761811667
55.25,-11.75,39,"D8W","39D8W",55.25,-11.75,1761811667
55.25,-12.25,39,"D7E","39D7E",55.25,-12.25,1761811667
55.25,-12.75,39,"D7W","39D7W",55.25,-12.75,1761811667
55.25,-13.25,39,"D6E","39D6E",55.25,-13.25,1761811667
55.25,-13.75,39,"D6W","39D6W",55.25,-13.75,1761811667
55.25,-14.25,39,"D5E","39D5E",55.25,-14.25,1761811667
55.25,-14.75,39,"D5W","39D5W",55.25,-14.75,1761811667
55.25,-15.25,39,"D4E","39D4E",55.25,-15.25,1761811667
55.25,-15.75,39,"D4W","39D4W",55.25,-15.75,1761811667
55.25,-16.25,39,"D3E","39D3E",55.25,-16.25,1761811667
55.25,-16.75,39,"D3W","39D3W",55.25,-16.75,1761811667
55.25,-17.25,39,"D2E","39D2E",55.25,-17.25,1761811667
55.25,-17.75,39,"D2W","39D2W",55.25,-17.75,1761811667
55.25,-18.25,39,"D1E","39D1E",55.25,-18.25,1761811667
55.25,-18.75,39,"D1W","39D1W",55.25,-18.75,1761811667
55.25,-19.25,39,"D0E","39D0E",55.25,-19.25,1761811667
55.25,-19.75,39,"D0W","39D0W",55.25,-19.75,1761811667
54.75,0.25,38,"F0W","38F0W",54.75,0.25,1783906850
54.75,-0.25,38,"E9E","38E9E",54.75,-0.25,1783906850
54.75,-0.75,38,"E9W","38E9W",54.75,-0.75,1783906850
54.75,-1.25,38,"E8E","38E8E",54.75,-1.25,1783906850
54.75,-1.75,38,"E8W","38E8W",54.75,-1.75,1783906850
54.75,-2.25,38,"E7E","38E7E",54.75,-2.25,1783906850
54.75,-2.75,38,"E7W","38E7W",54.75,-2.75,1783906850
54.75,-3.25,38,"E6E","38E6E",54.75,-3.25,1783906850
54.75,-3.75,38,"E6W","38E6W",54.75,-3.75,1783906850
54.75,-4.25,38,"E5E","38E5E",54.75,-4.25,1783906850
54.75,-4.75,38,"E5W","38E5W",54.75,-4.75,1783906850
54.75,-5.25,38,"E4E","38E4E",54.75,-5.25,1783906850
54.75,-5.75,38,"E4W","38E4W",54.75,-5.75,1783906850
54.75,-6.25,38,"E3E","38E3E",54.75,-6.25,1783906850
54.75,-6.75,38,"E3W","38E3W",54.75,-6.75,1783906850
54.75,-7.25,38,"E2E","38E2E",54.75,-7.25,1783906850
54.75,-7.75,38,"E2W","38E2W",54.75,-7.75,1783906850
54.75,-8.25,38,"E1E","38E1E",54.75,-8.25,1783906850
54.75,-8.75,38,"E1W","38E1W",54.75,-8.75,1783906850
54.75,-9.25,38,"E0E","38E0E",54.75,-9.25,1783906850
54.75,-9.75,38,"E0W","38E0W",54.75,-9.75,1783906850
54.75,-10.25,38,"D9E","38D9E",54.75,-10.25,1783906850
54.75,-10.75,38,"D9W","38D9W",54.75,-10.75,1783906850
54.75,-11.25,38,"D8E","38D8E",54.75,-11.25,1783906850
54.75,-11.75,38,"D8W","38D8W",54.75,-11.75,1783906850
54.75,-12.25,38,"D7E","38D7E",54.75,-12.25,1783906850
54.75,-12.75,38,"D7W","38D7W",54.75,-12.75,1783906850
54.75,-13.25,38,"D6E","38D6E",54.75,-13.25,1783906850
54.75,-13.75,38,"D6W","38D6W",54.75,-13.75,1783906850
54.75,-14.25,38,"D5E","38D5E",54.75,-14.25,1783906850
54.75,-14.75,38,"D5W","38D5W",54.75,-14.75,1783906850
54.75,-15.25,38,"D4E","38D4E",54.75,-15.25,1783906850
54.75,-15.75,38,"D4W","38D4W",54.75,-15.75,1783906850
54.75,-16.25,38,"D3E","38D3E",54.75,-16.25,1783906850
54.75,-16.75,38,"D3W","38D3W",54.75,-16.75,1783906850
54.75,-17.25,38,"D2E","38D2E",54.75,-17.25,1783906850
54.75,-17.75,38,"D2W","38D2W",54.75,-17.75,1783906850
54.75,-18.25,38,"D1E","38D1E",54.75,-18.25,1783906850
54.25,0.25,37,"F0W","37F0W",54.25,0.25,1805866181
54.25,-0.25,37,"E9E","37E9E",54.25,-0.25,1805866181
54.25,-0.75,37,"E9W","37E9W",54.25,-0.75,1805866181
54.25,-1.25,37,"E8E","37E8E",54.25,-1.25,1805866181
54.25,-1.75,37,"E8W","37E8W",54.25,-1.75,1805866181
54.25,-2.25,37,"E7E","37E7E",54.25,-2.25,1805866181
54.25,-2.75,37,"E7W","37E7W",54.25,-2.75,1805866181
54.25,-3.25,37,"E6E","37E6E",54.25,-3.25,1805866181
54.25,-3.75,37,"E6W","37E6W",54.25,-3.75,1805866181
54.25,-4.25,37,"E5E","37E5E",54.25,-4.25,1805866181
54.25,-4.75,37,"E5W","37E5W",54.25,-4.75,1805866181
54.25,-5.25,37,"E4E","37E4E",54.25,-5.25,1805866181
54.25,-5.75,37,"E4W","37E4W",54.25,-5.75,1805866181
54.25,-6.25,37,"E3E","37E3E",54.25,-6.25,1805866181
54.25,-6.75,37,"E3W","37E3W",54.25,-6.75,1805866181
54.25,-7.25,37,"E2E","37E2E",54.25,-7.25,1805866181
54.25,-7.75,37,"E2W","37E2W",54.25,-7.75,1805866181
54.25,-8.25,37,"E1E","37E1E",54.25,-8.25,1805866181
54.25,-8.75,37,"E1W","37E1W",54.25,-8.75,1805866181
54.25,-9.25,37,"E0E","37E0E",54.25,-9.25,1805866181
54.25,-9.75,37,"E0W","37E0W",54.25,-9.75,1805866181
54.25,-10.25,37,"D9E","37D9E",54.25,-10.25,1805866181
54.25,-10.75,37,"D9W","37D9W",54.25,-10.75,1805866181
54.25,-11.25,37,"D8E","37D8E",54.25,-11.25,1805866181
54.25,-11.75,37,"D8W","37D8W",54.25,-11.75,1805866181
54.25,-12.25,37,"D7E","37D7E",54.25,-12.25,1805866181
54.25,-12.75,37,"D7W","37D7W",54.25,-12.75,1805866181
54.25,-13.25,37,"D6E","37D6E",54.25,-13.25,1805866181
54.25,-13.75,37,"D6W","37D6W",54.25,-13.75,1805866181
54.25,-14.25,37,"D5E","37D5E",54.25,-14.25,1805866181
54.25,-14.75,37,"D5W","37D5W",54.25,-14.75,1805866181
54.25,-15.25,37,"D4E","37D4E",54.25,-15.25,1805866181
54.25,-15.75,37,"D4W","37D4W",54.25,-15.75,1805866181
54.25,-16.25,37,"D3E","37D3E",54.25,-16.25,1805866181
54.25,-16.75,37,"D3W","37D3W",54.25,-16.75,1805866181
54.25,-17.25,37,"D2E","37D2E",54.25,-17.25,1805866181
54.25,-17.75,37,"D2W","37D2W",54.25,-17.75,1805866181
54.25,-18.25,37,"D1E","37D1E",54.25,-18.25,1805866181
53.75,0.25,36,"F0W","36F0W",53.75,0.25,1827687989
53.75,-0.25,36,"E9E","36E9E",53.75,-0.25,1827687989
53.75,-0.75,36,"E9W","36E9W",53.75,-0.75,1827687989
53.75,-1.25,36,"E8E","36E8E",53.75,-1.25,1827687989
53.75,-1.75,36,"E8W","36E8W",53.75,-1.75,1827687989
53.75,-2.25,36,"E7E","36E7E",53.75,-2.25,1827687989
53.75,-2.75,36,"E7W","36E7W",53.75,-2.75,1827687989
53.75,-3.25,36,"E6E","36E6E",53.75,-3.25,1827687989
53.75,-3.75,36,"E6W","36E6W",53.75,-3.75,1827687989
53.75,-4.25,36,"E5E","36E5E",53.75,-4.25,1827687989
53.75,-4.75,36,"E5W","36E5W",53.75,-4.75,1827687989
53.75,-5.25,36,"E4E","36E4E",53.75,-5.25,1827687989
53.75,-5.75,36,"E4W","36E4W",53.75,-5.75,1827687989
53.75,-6.25,36,"E3E","36E3E",53.75,-6.25,1827687989
53.75,-6.75,36,"E3W","36E3W",53.75,-6.75,1827687989
53.75,-7.25,36,"E2E","36E2E",53.75,-7.25,1827687989
53.75,-7.75,36,"E2W","36E2W",53.75,-7.75,1827687989
53.75,-8.25,36,"E1E","36E1E",53.75,-8.25,1827687989
53.75,-8.75,36,"E1W","36E1W",53.75,-8.75,1827687989
53.75,-9.25,36,"E0E","36E0E",53.75,-9.25,1827687989
53.75,-9.75,36,"E0W","36E0W",53.75,-9.75,1827687989
53.75,-10.25,36,"D9E","36D9E",53.75,-10.25,1827687989
53.75,-10.75,36,"D9W","36D9W",53.75,-10.75,1827687989
53.75,-11.25,36,"D8E","36D8E",53.75,-11.25,1827687989
53.75,-11.75,36,"D8W","36D8W",53.75,-11.75,1827687989
53.75,-12.25,36,"D7E","36D7E",53.75,-12.25,1827687989
53.75,-12.75,36,"D7W","36D7W",53.75,-12.75,1827687989
53.75,-13.25,36,"D6E","36D6E",53.75,-13.25,1827687989
53.75,-13.75,36,"D6W","36D6W",53.75,-13.75,1827687989
53.75,-14.25,36,"D5E","36D5E",53.75,-14.25,1827687989
53.75,-14.75,36,"D5W","36D5W",53.75,-14.75,1827687989
53.75,-15.25,36,"D4E","36D4E",53.75,-15.25,1827687989
53.75,-15.75,36,"D4W","36D4W",53.75,-15.75,1827687989
53.75,-16.25,36,"D3E","36D3E",53.75,-16.25,1827687989
53.75,-16.75,36,"D3W","36D3W",53.75,-16.75,1827687989
53.75,-17.25,36,"D2E","36D2E",53.75,-17.25,1827687989
53.75,-17.75,36,"D2W","36D2W",53.75,-17.75,1827687989
53.25,0.25,35,"F0W","35F0W",53.25,0.25,1849370612
53.25,-0.25,35,"E9E","35E9E",53.25,-0.25,1849370612
53.25,-0.75,35,"E9W","35E9W",53.25,-0.75,1849370612
53.25,-1.25,35,"E8E","35E8E",53.25,-1.25,1849370612
53.25,-1.75,35,"E8W","35E8W",53.25,-1.75,1849370612
53.25,-2.25,35,"E7E","35E7E",53.25,-2.25,1849370612
53.25,-2.75,35,"E7W","35E7W",53.25,-2.75,1849370612
53.25,-3.25,35,"E6E","35E6E",53.25,-3.25,1849370612
53.25,-3.75,35,"E6W","35E6W",53.25,-3.75,1849370612
53.25,-4.25,35,"E5E","35E5E",53.25,-4.25,1849370612
53.25,-4.75,35,"E5W","35E5W",53.25,-4.75,1849370612
53.25,-5.25,35,"E4E","35E4E",53.25,-5.25,1849370612
53.25,-5.75,35,"E4W","35E4W",53.25,-5.75,1849370612
53.25,-6.25,35,"E3E","35E3E",53.25,-6.25,1849370612
53.25,-6.75,35,"E3W","35E3W",53.25,-6.75,1849370612
53.25,-7.25,35,"E2E","35E2E",53.25,-7.25,1849370612
53.25,-7.75,35,"E2W","35E2W",53.25,-7.75,1849370612
53.25,-8.25,35,"E1E","35E1E",53.25,-8.25,1849370612
53.25,-8.75,35,"E1W","35E1W",53.25,-8.75,1849370612
53.25,-9.25,35,"E0E","35E0E",53.25,-9.25,1849370612
53.25,-9.75,35,"E0W","35E0W",53.25,-9.75,1849370612
53.25,-10.25,35,"D9E","35D9E",53.25,-10.25,1849370612
53.25,-10.75,35,"D9W","35D9W",53.25,-10.75,1849370612
53.25,-11.25,35,"D8E","35D8E",53.25,-11.25,1849370612
53.25,-11.75,35,"D8W","35D8W",53.25,-11.75,1849370612
53.25,-12.25,35,"D7E","35D7E",53.25,-12.25,1849370612
53.25,-12.75,35,"D7W","35D7W",53.25,-12.75,1849370612
53.25,-13.25,35,"D6E","35D6E",53.25,-13.25,1849370612
53.25,-13.75,35,"D6W","35D6W",53.25,-13.75,1849370612
53.25,-14.25,35,"D5E","35D5E",53.25,-14.25,1849370612
53.25,-14.75,35,"D5W","35D5W",53.25,-14.75,1849370612
53.25,-15.25,35,"D4E","35D4E",53.25,-15.25,1849370612
53.25,-15.75,35,"D4W","35D4W",53.25,-15.75,1849370612
53.25,-16.25,35,"D3E","35D3E",53.25,-16.25,1849370612
53.25,-16.75,35,"D3W","35D3W",53.25,-16.75,1849370612
53.25,-17.25,35,"D2E","35D2E",53.25,-17.25,1849370612
53.25,-17.75,35,"D2W","35D2W",53.25,-17.75,1849370612
52.75,0.25,34,"F0W","34F0W",52.75,0.25,1870912398
52.75,-0.25,34,"E9E","34E9E",52.75,-0.25,1870912398
52.75,-0.75,34,"E9W","34E9W",52.75,-0.75,1870912398
52.75,-1.25,34,"E8E","34E8E",52.75,-1.25,1870912398
52.75,-1.75,34,"E8W","34E8W",52.75,-1.75,1870912398
52.75,-2.25,34,"E7E","34E7E",52.75,-2.25,1870912398
52.75,-2.75,34,"E7W","34E7W",52.75,-2.75,1870912398
52.75,-3.25,34,"E6E","34E6E",52.75,-3.25,1870912398
52.75,-3.75,34,"E6W","34E6W",52.75,-3.75,1870912398
52.75,-4.25,34,"E5E","34E5E",52.75,-4.25,1870912398
52.75,-4.75,34,"E5W","34E5W",52.75,-4.75,1870912398
52.75,-5.25,34,"E4E","34E4E",52.75,-5.25,1870912398
52.75,-5.75,34,"E4W","34E4W",52.75,-5.75,1870912398
52.75,-6.25,34,"E3E","34E3E",52.75,-6.25,1870912398
52.75,-6.75,34,"E3W","34E3W",52.75,-6.75,1870912398
52.75,-7.25,34,"E2E","34E2E",52.75,-7.25,1870912398
52.75,-7.75,34,"E2W","34E2W",52.75,-7.75,1870912398
52.75,-8.25,34,"E1E","34E1E",52.75,-8.25,1870912398
52.75,-8.75,34,"E1W","34E1W",52.75,-8.75,1870912398
52.75,-9.25,34,"E0E","34E0E",52.75,-9.25,1870912398
52.75,-9.75,34,"E0W","34E0W",52.75,-9.75,1870912398
52.75,-10.25,34,"D9E","34D9E",52.75,-10.25,1870912398
52.75,-10.75,34,"D9W","34D9W",52.75,-10.75,1870912398
52.75,-11.25,34,"D8E","34D8E",52.75,-11.25,1870912398
52.75,-11.75,34,"D8W","34D8W",52.75,-11.75,1870912398
52.75,-12.25,34,"D7E","34D7E",52.75,-12.25,1870912398
52.75,-12.75,34,"D7W","34D7W",52.75,-12.75,1870912398
52.75,-13.25,34,"D6E","34D6E",52.75,-13.25,1870912398
52.75,-13.75,34,"D6W","34D6W",52.75,-13.75,1870912398
52.75,-14.25,34,"D5E","34D5E",52.75,-14.25,1870912398
52.75,-14.75,34,"D5W","34D5W",52.75,-14.75,1870912398
52.75,-15.25,34,"D4E","34D4E",52.75,-15.25,1870912398
52.75,-15.75,34,"D4W","34D4W",52.75,-15.75,1870912398
52.75,-16.25,34,"D3E","34D3E",52.75,-16.25,1870912398
52.75,-16.75,34,"D3W","34D3W",52.75,-16.75,1870912398
52.75,-17.25,34,"D2E","34D2E",52.75,-17.25,1870912398
52.75,-17.75,34,"D2W","34D2W",52.75,-17.75,1870912398
52.25,0.25,33,"F0W","33F0W",52.25,0.25,1892311706
52.25,-0.25,33,"E9E","33E9E",52.25,-0.25,1892311706
52.25,-0.75,33,"E9W","33E9W",52.25,-0.75,1892311706
52.25,-1.25,33,"E8E","33E8E",52.25,-1.25,1892311706
52.25,-1.75,33,"E8W","33E8W",52.25,-1.75,1892311706
52.25,-2.25,33,"E7E","33E7E",52.25,-2.25,1892311706
52.25,-2.75,33,"E7W","33E7W",52.25,-2.75,1892311706
52.25,-3.25,33,"E6E","33E6E",52.25,-3.25,1892311706
52.25,-3.75,33,"E6W","33E6W",52.25,-3.75,1892311706
52.25,-4.25,33,"E5E","33E5E",52.25,-4.25,1892311706
52.25,-4.75,33,"E5W","33E5W",52.25,-4.75,1892311706
52.25,-5.25,33,"E4E","33E4E",52.25,-5.25,1892311706
52.25,-5.75,33,"E4W","33E4W",52.25,-5.75,1892311706
52.25,-6.25,33,"E3E","33E3E",52.25,-6.25,1892311706
52.25,-6.75,33,"E3W","33E3W",52.25,-6.75,1892311706
52.25,-7.25,33,"E2E","33E2E",52.25,-7.25,1892311706
52.25,-7.75,33,"E2W","33E2W",52.25,-7.75,1892311706
52.25,-8.25,33,"E1E","33E1E",52.25,-8.25,1892311706
52.25,-8.75,33,"E1W","33E1W",52.25,-8.75,1892311706
52.25,-9.25,33,"E0E","33E0E",52.25,-9.25,1892311706
52.25,-9.75,33,"E0W","33E0W",52.25,-9.75,1892311706
52.25,-10.25,33,"D9E","33D9E",52.25,-10.25,1892311706
52.25,-10.75,33,"D9W","33D9W",52.25,-10.75,1892311706
52.25,-11.25,33,"D8E","33D8E",52.25,-11.25,1892311706
52.25,-11.75,33,"D8W","33D8W",52.25,-11.75,1892311706
52.25,-12.25,33,"D7E","33D7E",52.25,-12.25,1892311706
52.25,-12.75,33,"D7W","33D7W",52.25,-12.75,1892311706
52.25,-13.25,33,"D6E","33D6E",52.25,-13.25,1892311706
52.25,-13.75,33,"D6W","33D6W",52.25,-13.75,1892311706
52.25,-14.25,33,"D5E","33D5E",52.25,-14.25,1892311706
52.25,-14.75,33,"D5W","33D5W",52.25,-14.75,1892311706
52.25,-15.25,33,"D4E","33D4E",52.25,-15.25,1892311706
52.25,-15.75,33,"D4W","33D4W",52.25,-15.75,1892311706
52.25,-16.25,33,"D3E","33D3E",52.25,-16.25,1892311706
52.25,-16.75,33,"D3W","33D3W",52.25,-16.75,1892311706
52.25,-17.25,33,"D2E","33D2E",52.25,-17.25,1892311706
52.25,-17.75,33,"D2W","33D2W",52.25,-17.75,1892311706
51.75,0.25,32,"F0W","32F0W",51.75,0.25,1913566908
51.75,-0.25,32,"E9E","32E9E",51.75,-0.25,1913566908
51.75,-0.75,32,"E9W","32E9W",51.75,-0.75,1913566908
51.75,-1.25,32,"E8E","32E8E",51.75,-1.25,1913566908
51.75,-1.75,32,"E8W","32E8W",51.75,-1.75,1913566908
51.75,-2.25,32,"E7E","32E7E",51.75,-2.25,1913566908
51.75,-2.75,32,"E7W","32E7W",51.75,-2.75,1913566908
51.75,-3.25,32,"E6E","32E6E",51.75,-3.25,1913566908
51.75,-3.75,32,"E6W","32E6W",51.75,-3.75,1913566908
51.75,-4.25,32,"E5E","32E5E",51.75,-4.25,1913566908
51.75,-4.75,32,"E5W","32E5W",51.75,-4.75,1913566908
51.75,-5.25,32,"E4E","32E4E",51.75,-5.25,1913566908
51.75,-5.75,32,"E4W","32E4W",51.75,-5.75,1913566908
51.75,-6.25,32,"E3E","32E3E",51.75,-6.25,1913566908
51.75,-6.75,32,"E3W","32E3W",51.75,-6.75,1913566908
51.75,-7.25,32,"E2E","32E2E",51.75,-7.25,1913566908
51.75,-7.75,32,"E2W","32E2W",51.75,-7.75,1913566908
51.75,-8.25,32,"E1E","32E1E",51.75,-8.25,1913566908
51.75,-8.75,32,"E1W","32E1W",51.75,-8.75,1913566908
51.75,-9.25,32,"E0E","32E0E",51.75,-9.25,1913566908
51.75,-9.75,32,"E0W","32E0W",51.75,-9.75,1913566908
51.75,-10.25,32,"D9E","32D9E",51.75,-10.25,1913566908
51.75,-10.75,32,"D9W","32D9W",51.75,-10.75,1913566908
51.75,-11.25,32,"D8E","32D8E",51.75,-11.25,1913566908
51.75,-11.75,32,"D8W","32D8W",51.75,-11.75,1913566908
51.75,-12.25,32,"D7E","32D7E",51.75,-12.25,1913566908
51.75,-12.75,32,"D7W","32D7W",51.75,-12.75,1913566908
51.75,-13.25,32,"D6E","32D6E",51.75,-13.25,1913566908
51.75,-13.75,32,"D6W","32D6W",51.75,-13.75,1913566908
51.75,-14.25,32,"D5E","32D5E",51.75,-14.25,1913566908
51.75,-14.75,32,"D5W","32D5W",51.75,-14.75,1913566908
51.75,-15.25,32,"D4E","32D4E",51.75,-15.25,1913566908
51.75,-15.75,32,"D4W","32D4W",51.75,-15.75,1913566908
51.75,-16.25,32,"D3E","32D3E",51.75,-16.25,1913566908
51.75,-16.75,32,"D3W","32D3W",51.75,-16.75,1913566908
51.75,-17.25,32,"D2E","32D2E",51.75,-17.25,1913566908
51.75,-17.75,32,"D2W","32D2W",51.75,-17.75,1913566908
51.25,0.25,31,"F0W","31F0W",51.25,0.25,1934676384
51.25,-0.25,31,"E9E","31E9E",51.25,-0.25,1934676384
51.25,-0.75,31,"E9W","31E9W",51.25,-0.75,1934676384
51.25,-1.25,31,"E8E","31E8E",51.25,-1.25,1934676384
51.25,-1.75,31,"E8W","31E8W",51.25,-1.75,1934676384
51.25,-2.25,31,"E7E","31E7E",51.25,-2.25,1934676384
51.25,-2.75,31,"E7W","31E7W",51.25,-2.75,1934676384
51.25,-3.25,31,"E6E","31E6E",51.25,-3.25,1934676384
51.25,-3.75,31,"E6W","31E6W",51.25,-3.75,1934676384
51.25,-4.25,31,"E5E","31E5E",51.25,-4.25,1934676384
51.25,-4.75,31,"E5W","31E5W",51.25,-4.75,1934676384
51.25,-5.25,31,"E4E","31E4E",51.25,-5.25,1934676384
51.25,-5.75,31,"E4W","31E4W",51.25,-5.75,1934676384
51.25,-6.25,31,"E3E","31E3E",51.25,-6.25,1934676384
51.25,-6.75,31,"E3W","31E3W",51.25,-6.75,1934676384
51.25,-7.25,31,"E2E","31E2E",51.25,-7.25,1934676384
51.25,-7.75,31,"E2W","31E2W",51.25,-7.75,1934676384
51.25,-8.25,31,"E1E","31E1E",51.25,-8.25,1934676384
51.25,-8.75,31,"E1W","31E1W",51.25,-8.75,1934676384
51.25,-9.25,31,"E0E","31E0E",51.25,-9.25,1934676384
51.25,-9.75,31,"E0W","31E0W",51.25,-9.75,1934676384
51.25,-10.25,31,"D9E","31D9E",51.25,-10.25,1934676384
51.25,-10.75,31,"D9W","31D9W",51.25,-10.75,1934676384
51.25,-11.25,31,"D8E","31D8E",51.25,-11.25,1934676384
51.25,-11.75,31,"D8W","31D8W",51.25,-11.75,1934676384
51.25,-12.25,31,"D7E","31D7E",51.25,-12.25,1934676384
51.25,-12.75,31,"D7W","31D7W",51.25,-12.75,1934676384
51.25,-13.25,31,"D6E","31D6E",51.25,-13.25,1934676384
51.25,-13.75,31,"D6W","31D6W",51.25,-13.75,1934676384
51.25,-14.25,31,"D5E","31D5E",51.25,-14.25,1934676384
51.25,-14.75,31,"D5W","31D5W",51.25,-14.75,1934676384
51.25,-15.25,31,"D4E","31D4E",51.25,-15.25,1934676384
51.25,-15.75,31,"D4W","31D4W",51.25,-15.75,1934676384
51.25,-16.25,31,"D3E","31D3E",51.25,-16.25,1934676384
51.25,-16.75,31,"D3W","31D3W",51.25,-16.75,1934676384
51.25,-17.25,31,"D2E","31D2E",51.25,-17.25,1934676384
51.25,-17.75,31,"D2W","31D2W",51.25,-17.75,1934676384
50.75,0.25,30,"F0W","30F0W",50.75,0.25,1955638527
50.75,-0.25,30,"E9E","30E9E",50.75,-0.25,1955638527
50.75,-0.75,30,"E9W","30E9W",50.75,-0.75,1955638527
50.75,-1.25,30,"E8E","30E8E",50.75,-1.25,1955638527
50.75,-1.75,30,"E8W","30E8W",50.75,-1.75,1955638527
50.75,-2.25,30,"E7E","30E7E",50.75,-2.25,1955638527
50.75,-2.75,30,"E7W","30E7W",50.75,-2.75,1955638527
50.75,-3.25,30,"E6E","30E6E",50.75,-3.25,1955638527
50.75,-3.75,30,"E6W","30E6W",50.75,-3.75,1955638527
50.75,-4.25,30,"E5E","30E5E",50.75,-4.25,1955638527
50.75,-4.75,30,"E5W","30E5W",50.75,-4.75,1955638527
50.75,-5.25,30,"E4E","30E4E",50.75,-5.25,1955638527
50.75,-5.75,30,"E4W","30E4W",50.75,-5.75,1955638527
50.75,-6.25,30,"E3E","30E3E",50.75,-6.25,1955638527
50.75,-6.75,30,"E3W","30E3W",50.75,-6.75,1955638527
50.75,-7.25,30,"E2E","30E2E",50.75,-7.25,1955638527
50.75,-7.75,30,"E2W","30E2W",50.75,-7.75,1955638527
50.75,-8.25,30,"E1E","30E1E",50.75,-8.25,1955638527
50.75,-8.75,30,"E1W","30E1W",50.75,-8.75,1955638527
50.75,-9.25,30,"E0E","30E0E",50.75,-9.25,1955638527
50.75,-9.75,30,"E0W","30E0W",50.75,-9.75,1955638527
50.75,-10.25,30,"D9E","30D9E",50.75,-10.25,1955638527
50.75,-10.75,30,"D9W","30D9W",50.75,-10.75,1955638527
50.75,-11.25,30,"D8E","30D8E",50.75,-11.25,1955638527
50.75,-11.75,30,"D8W","30D8W",50.75,-11.75,1955638527
50.75,-12.25,30,"D7E","30D7E",50.75,-12.25,1955638527
50.75,-12.75,30,"D7W","30D7W",50.75,-12.75,1955638527
50.75,-13.25,30,"D6E","30D6E",50.75,-13.25,1955638527
50.75,-13.75,30,"D6W","30D6W",50.75,-13.75,1955638527
50.75,-14.25,30,"D5E","30D5E",50.75,-14.25,1955638527
50.75,-14.75,30,"D5W","30D5W",50.75,-14.75,1955638527
50.75,-15.25,30,"D4E","30D4E",50.75,-15.25,1955638527
50.75,-15.75,30,"D4W","30D4W",50.75,-15.75,1955638527
50.75,-16.25,30,"D3E","30D3E",50.75,-16.25,1955638527
50.75,-16.75,30,"D3W","30D3W",50.75,-16.75,1955638527
50.75,-17.25,30,"D2E","30D2E",50.75,-17.25,1955638527
50.75,-17.75,30,"D2W","30D2W",50.75,-17.75,1955638527
50.25,0.25,29,"F0W","29F0W",50.25,0.25,1976451741
50.25,-0.25,29,"E9E","29E9E",50.25,-0.25,1976451741
50.25,-0.75,29,"E9W","29E9W",50.25,-0.75,1976451741
50.25,-1.25,29,"E8E","29E8E",50.25,-1.25,1976451741
50.25,-1.75,29,"E8W","29E8W",50.25,-1.75,1976451741
50.25,-2.25,29,"E7E","29E7E",50.25,-2.25,1976451741
50.25,-2.75,29,"E7W","29E7W",50.25,-2.75,1976451741
50.25,-3.25,29,"E6E","29E6E",50.25,-3.25,1976451741
50.25,-3.75,29,"E6W","29E6W",50.25,-3.75,1976451741
50.25,-4.25,29,"E5E","29E5E",50.25,-4.25,1976451741
50.25,-4.75,29,"E5W","29E5W",50.25,-4.75,1976451741
50.25,-5.25,29,"E4E","29E4E",50.25,-5.25,1976451741
50.25,-5.75,29,"E4W","29E4W",50.25,-5.75,1976451741
50.25,-6.25,29,"E3E","29E3E",50.25,-6.25,1976451741
50.25,-6.75,29,"E3W","29E3W",50.25,-6.75,1976451741
50.25,-7.25,29,"E2E","29E2E",50.25,-7.25,1976451741
50.25,-7.75,29,"E2W","29E2W",50.25,-7.75,1976451741
50.25,-8.25,29,"E1E","29E1E",50.25,-8.25,1976451741
50.25,-8.75,29,"E1W","29E1W",50.25,-8.75,1976451741
50.25,-9.25,29,"E0E","29E0E",50.25,-9.25,1976451741
50.25,-9.75,29,"E0W","29E0W",50.25,-9.75,1976451741
50.25,-10.25,29,"D9E","29D9E",50.25,-10.25,1976451741
50.25,-10.75,29,"D9W","29D9W",50.25,-10.75,1976451741
50.25,-11.25,29,"D8E","29D8E",50.25,-11.25,1976451741
50.25,-11.75,29,"D8W","29D8W",50.25,-11.75,1976451741
50.25,-12.25,29,"D7E","29D7E",50.25,-12.25,1976451741
50.25,-12.75,29,"D7W","29D7W",50.25,-12.75,1976451741
50.25,-13.25,29,"D6E","29D6E",50.25,-13.25,1976451741
50.25,-13.75,29,"D6W","29D6W",50.25,-13.75,1976451741
50.25,-14.25,29,"D5E","29D5E",50.25,-14.25,1976451741
50.25,-14.75,29,"D5W","29D5W",50.25,-14.75,1976451741
50.25,-15.25,29,"D4E","29D4E",50.25,-15.25,1976451741
50.25,-15.75,29,"D4W","29D4W",50.25,-15.75,1976451741
50.25,-16.25,29,"D3E","29D3E",50.25,-16.25,1976451741
50.25,-16.75,29,"D3W","29D3W",50.25,-16.75,1976451741
50.25,-17.25,29,"D2E","29D2E",50.25,-17.25,1976451741
50.25,-17.75,29,"D2W","29D2W",50.25,-17.75,1976451741
49.75,0.25,28,"F0W","28F0W",49.75,0.25,1997114440
49.75,-0.25,28,"E9E","28E9E",49.75,-0.25,1997114440
49.75,-0.75,28,"E9W","28E9W",49.75,-0.75,1997114440
49.75,-1.25,28,"E8E","28E8E",49.75,-1.25,1997114440
49.75,-1.75,28,"E8W","28E8W",49.75,-1.75,1997114440
49.75,-2.25,28,"E7E","28E7E",49.75,-2.25,1997114440
49.75,-2.75,28,"E7W","28E7W",49.75,-2.75,1997114440
49.75,-3.25,28,"E6E","28E6E",49.75,-3.25,1997114440
49.75,-3.75,28,"E6W","28E6W",49.75,-3.75,1997114440
49.75,-4.25,28,"E5E","28E5E",49.75,-4.25,1997114440
49.75,-4.75,28,"E5W","28E5W",49.75,-4.75,1997114440
49.75,-5.25,28,"E4E","28E4E",49.75,-5.25,1997114440
49.75,-5.75,28,"E4W","28E4W",49.75,-5.75,1997114440
49.75,-6.25,28,"E3E","28E3E",49.75,-6.25,1997114440
49.75,-6.75,28,"E3W","28E3W",49.75,-6.75,1997114440
49.75,-7.25,28,"E2E","28E2E",49.75,-7.25,1997114440
49.75,-7.75,28,"E2W","28E2W",49.75,-7.75,1997114440
49.75,-8.25,28,"E1E","28E1E",49.75,-8.25,1997114440
49.75,-8.75,28,"E1W","28E1W",49.75,-8.75,1997114440
49.75,-9.25,28,"E0E","28E0E",49.75,-9.25,1997114440
49.75,-9.75,28,"E0W","28E0W",49.75,-9.75,1997114440
49.75,-10.25,28,"D9E","28D9E",49.75,-10.25,1997114440
49.75,-10.75,28,"D9W","28D9W",49.75,-10.75,1997114440
49.75,-11.25,28,"D8E","28D8E",49.75,-11.25,1997114440
49.75,-11.75,28,"D8W","28D8W",49.75,-11.75,1997114440
49.75,-12.25,28,"D7E","28D7E",49.75,-12.25,1997114440
49.75,-12.75,28,"D7W","28D7W",49.75,-12.75,1997114440
49.75,-13.25,28,"D6E","28D6E",49.75,-13.25,1997114440
49.75,-13.75,28,"D6W","28D6W",49.75,-13.75,1997114440
49.75,-14.25,28,"D5E","28D5E",49.75,-14.25,1997114440
49.75,-14.75,28,"D5W","28D5W",49.75,-14.75,1997114440
49.75,-15.25,28,"D4E","28D4E",49.75,-15.25,1997114440
49.75,-15.75,28,"D4W","28D4W",49.75,-15.75,1997114440
49.75,-16.25,28,"D3E","28D3E",49.75,-16.25,1997114440
49.75,-16.75,28,"D3W","28D3W",49.75,-16.75,1997114440
49.75,-17.25,28,"D2E","28D2E",49.75,-17.25,1997114440
49.75,-17.75,28,"D2W","28D2W",49.75,-17.75,1997114440
49.25,0.25,27,"F0W","27F0W",49.25,0.25,2017625051
49.25,-0.25,27,"E9E","27E9E",49.25,-0.25,2017625051
49.25,-0.75,27,"E9W","27E9W",49.25,-0.75,2017625051
49.25,-1.25,27,"E8E","27E8E",49.25,-1.25,2017625051
49.25,-1.75,27,"E8W","27E8W",49.25,-1.75,2017625051
49.25,-2.25,27,"E7E","27E7E",49.25,-2.25,2017625051
49.25,-2.75,27,"E7W","27E7W",49.25,-2.75,2017625051
49.25,-3.25,27,"E6E","27E6E",49.25,-3.25,2017625051
49.25,-3.75,27,"E6W","27E6W",49.25,-3.75,2017625051
49.25,-4.25,27,"E5E","27E5E",49.25,-4.25,2017625051
49.25,-4.75,27,"E5W","27E5W",49.25,-4.75,2017625051
49.25,-5.25,27,"E4E","27E4E",49.25,-5.25,2017625051
49.25,-5.75,27,"E4W","27E4W",49.25,-5.75,2017625051
49.25,-6.25,27,"E3E","27E3E",49.25,-6.25,2017625051
49.25,-6.75,27,"E3W","27E3W",49.25,-6.75,2017625051
49.25,-7.25,27,"E2E","27E2E",49.25,-7.25,2017625051
49.25,-7.75,27,"E2W","27E2W",49.25,-7.75,2017625051
49.25,-8.25,27,"E1E","27E1E",49.25,-8.25,2017625051
49.25,-8.75,27,"E1W","27E1W",49.25,-8.75,2017625051
49.25,-9.25,27,"E0E","27E0E",49.25,-9.25,2017625051
49.25,-9.75,27,"E0W","27E0W",49.25,-9.75,2017625051
49.25,-10.25,27,"D9E","27D9E",49.25,-10.25,2017625051
49.25,-10.75,27,"D9W","27D9W",49.25,-10.75,2017625051
49.25,-11.25,27,"D8E","27D8E",49.25,-11.25,2017625051
49.25,-11.75,27,"D8W","27D8W",49.25,-11.75,2017625051
49.25,-12.25,27,"D7E","27D7E",49.25,-12.25,2017625051
49.25,-12.75,27,"D7W","27D7W",49.25,-12.75,2017625051
49.25,-13.25,27,"D6E","27D6E",49.25,-13.25,2017625051
49.25,-13.75,27,"D6W","27D6W",49.25,-13.75,2017625051
49.25,-14.25,27,"D5E","27D5E",49.25,-14.25,2017625051
49.25,-14.75,27,"D5W","27D5W",49.25,-14.75,2017625051
49.25,-15.25,27,"D4E","27D4E",49.25,-15.25,2017625051
49.25,-15.75,27,"D4W","27D4W",49.25,-15.75,2017625051
49.25,-16.25,27,"D3E","27D3E",49.25,-16.25,2017625051
49.25,-16.75,27,"D3W","27D3W",49.25,-16.75,2017625051
49.25,-17.25,27,"D2E","27D2E",49.25,-17.25,2017625051
49.25,-17.75,27,"D2W","27D2W",49.25,-17.75,2017625051
48.75,0.25,26,"F0W","26F0W",48.75,0.25,2037982012
48.75,-0.25,26,"E9E","26E9E",48.75,-0.25,2037982012
48.75,-0.75,26,"E9W","26E9W",48.75,-0.75,2037982012
48.75,-1.25,26,"E8E","26E8E",48.75,-1.25,2037982012
48.75,-1.75,26,"E8W","26E8W",48.75,-1.75,2037982012
48.75,-2.25,26,"E7E","26E7E",48.75,-2.25,2037982012
48.75,-2.75,26,"E7W","26E7W",48.75,-2.75,2037982012
48.75,-3.25,26,"E6E","26E6E",48.75,-3.25,2037982012
48.75,-3.75,26,"E6W","26E6W",48.75,-3.75,2037982012
48.75,-4.25,26,"E5E","26E5E",48.75,-4.25,2037982012
48.75,-4.75,26,"E5W","26E5W",48.75,-4.75,2037982012
48.75,-5.25,26,"E4E","26E4E",48.75,-5.25,2037982012
48.75,-5.75,26,"E4W","26E4W",48.75,-5.75,2037982012
48.75,-6.25,26,"E3E","26E3E",48.75,-6.25,2037982012
48.75,-6.75,26,"E3W","26E3W",48.75,-6.75,2037982012
48.75,-7.25,26,"E2E","26E2E",48.75,-7.25,2037982012
48.75,-7.75,26,"E2W","26E2W",48.75,-7.75,2037982012
48.75,-8.25,26,"E1E","26E1E",48.75,-8.25,2037982012
48.75,-8.75,26,"E1W","26E1W",48.75,-8.75,2037982012
48.75,-9.25,26,"E0E","26E0E",48.75,-9.25,2037982012
48.75,-9.75,26,"E0W","26E0W",48.75,-9.75,2037982012
48.75,-10.25,26,"D9E","26D9E",48.75,-10.25,2037982012
48.75,-10.75,26,"D9W","26D9W",48.75,-10.75,2037982012
48.75,-11.25,26,"D8E","26D8E",48.75,-11.25,2037982012
48.75,-11.75,26,"D8W","26D8W",48.75,-11.75,2037982012
48.75,-12.25,26,"D7E","26D7E",48.75,-12.25,2037982012
48.75,-12.75,26,"D7W","26D7W",48.75,-12.75,2037982012
48.75,-13.25,26,"D6E","26D6E",48.75,-13.25,2037982012
48.75,-13.75,26,"D6W","26D6W",48.75,-13.75,2037982012
48.75,-14.25,26,"D5E","26D5E",48.75,-14.25,2037982012
48.75,-14.75,26,"D5W","26D5W",48.75,-14.75,2037982012
48.75,-15.25,26,"D4E","26D4E",48.75,-15.25,2037982012
48.75,-15.75,26,"D4W","26D4W",48.75,-15.75,2037982012
48.75,-16.25,26,"D3E","26D3E",48.75,-16.25,2037982012
48.75,-16.75,26,"D3W","26D3W",48.75,-16.75,2037982012
48.75,-17.25,26,"D2E","26D2E",48.75,-17.25,2037982012
48.75,-17.75,26,"D2W","26D2W",48.75,-17.75,2037982012
48.25,0.25,25,"F0W","25F0W",48.25,0.25,2058183773
48.25,-0.25,25,"E9E","25E9E",48.25,-0.25,2058183773
48.25,-0.75,25,"E9W","25E9W",48.25,-0.75,2058183773
48.25,-1.25,25,"E8E","25E8E",48.25,-1.25,2058183773
48.25,-1.75,25,"E8W","25E8W",48.25,-1.75,2058183773
48.25,-2.25,25,"E7E","25E7E",48.25,-2.25,2058183773
48.25,-2.75,25,"E7W","25E7W",48.25,-2.75,2058183773
48.25,-3.25,25,"E6E","25E6E",48.25,-3.25,2058183773
48.25,-3.75,25,"E6W","25E6W",48.25,-3.75,2058183773
48.25,-4.25,25,"E5E","25E5E",48.25,-4.25,2058183773
48.25,-4.75,25,"E5W","25E5W",48.25,-4.75,2058183773
48.25,-5.25,25,"E4E","25E4E",48.25,-5.25,2058183773
48.25,-5.75,25,"E4W","25E4W",48.25,-5.75,2058183773
48.25,-6.25,25,"E3E","25E3E",48.25,-6.25,2058183773
48.25,-6.75,25,"E3W","25E3W",48.25,-6.75,2058183773
48.25,-7.25,25,"E2E","25E2E",48.25,-7.25,2058183773
48.25,-7.75,25,"E2W","25E2W",48.25,-7.75,2058183773
48.25,-8.25,25,"E1E","25E1E",48.25,-8.25,2058183773
48.25,-8.75,25,"E1W","25E1W",48.25,-8.75,2058183773
48.25,-9.25,25,"E0E","25E0E",48.25,-9.25,2058183773
48.25,-9.75,25,"E0W","25E0W",48.25,-9.75,2058183773
48.25,-10.25,25,"D9E","25D9E",48.25,-10.25,2058183773
48.25,-10.75,25,"D9W","25D9W",48.25,-10.75,2058183773
48.25,-11.25,25,"D8E","25D8E",48.25,-11.25,2058183773
48.25,-11.75,25,"D8W","25D8W",48.25,-11.75,2058183773
48.25,-12.25,25,"D7E","25D7E",48.25,-12.25,2058183773
48.25,-12.75,25,"D7W","25D7W",48.25,-12.75,2058183773
48.25,-13.25,25,"D6E","25D6E",48.25,-13.25,2058183773
48.25,-13.75,25,"D6W","25D6W",48.25,-13.75,2058183773
48.25,-14.25,25,"D5E","25D5E",48.25,-14.25,2058183773
48.25,-14.75,25,"D5W","25D5W",48.25,-14.75,2058183773
48.25,-15.25,25,"D4E","25D4E",48.25,-15.25,2058183773
48.25,-15.75,25,"D4W","25D4W",48.25,-15.75,2058183773
48.25,-16.25,25,"D3E","25D3E",48.25,-16.25,2058183773
48.25,-16.75,25,"D3W","25D3W",48.25,-16.75,2058183773
48.25,-17.25,25,"D2E","25D2E",48.25,-17.25,2058183773
48.25,-17.75,25,"D2W","25D2W",48.25,-17.75,2058183773
47.75,0.25,24,"F0W","24F0W",47.75,0.25,2078228796
47.75,-0.25,24,"E9E","24E9E",47.75,-0.25,2078228796
47.75,-0.75,24,"E9W","24E9W",47.75,-0.75,2078228796
47.75,-1.25,24,"E8E","24E8E",47.75,-1.25,2078228796
47.75,-1.75,24,"E8W","24E8W",47.75,-1.75,2078228796
47.75,-2.25,24,"E7E","24E7E",47.75,-2.25,2078228796
47.75,-2.75,24,"E7W","24E7W",47.75,-2.75,2078228796
47.75,-3.25,24,"E6E","24E6E",47.75,-3.25,2078228796
47.75,-3.75,24,"E6W","24E6W",47.75,-3.75,2078228796
47.75,-4.25,24,"E5E","24E5E",47.75,-4.25,2078228796
47.75,-4.75,24,"E5W","24E5W",47.75,-4.75,2078228796
47.75,-5.25,24,"E4E","24E4E",47.75,-5.25,2078228796
47.75,-5.75,24,"E4W","24E4W",47.75,-5.75,2078228796
47.75,-6.25,24,"E3E","24E3E",47.75,-6.25,2078228796
47.75,-6.75,24,"E3W","24E3W",47.75,-6.75,2078228796
47.75,-7.25,24,"E2E","24E2E",47.75,-7.25,2078228796
47.75,-7.75,24,"E2W","24E2W",47.75,-7.75,2078228796
47.75,-8.25,24,"E1E","24E1E",47.75,-8.25,2078228796
47.75,-8.75,24,"E1W","24E1W",47.75,-8.75,2078228796
47.75,-9.25,24,"E0E","24E0E",47.75,-9.25,2078228796
47.75,-9.75,24,"E0W","24E0W",47.75,-9.75,2078228796
47.75,-10.25,24,"D9E","24D9E",47.75,-10.25,2078228796
47.75,-10.75,24,"D9W","24D9W",47.75,-10.75,2078228796
47.75,-11.25,24,"D8E","24D8E",47.75,-11.25,2078228796
47.75,-11.75,24,"D8W","24D8W",47.75,-11.75,2078228796
47.75,-12.25,24,"D7E","24D7E",47.75,-12.25,2078228796
47.75,-12.75,24,"D7W","24D7W",47.75,-12.75,2078228796
47.75,-13.25,24,"D6E","24D6E",47.75,-13.25,2078228796
47.75,-13.75,24,"D6W","24D6W",47.75,-13.75,2078228796
47.75,-14.25,24,"D5E","24D5E",47.75,-14.25,2078228796
47.75,-14.75,24,"D5W","24D5W",47.75,-14.75,2078228796
47.75,-15.25,24,"D4E","24D4E",47.75,-15.25,2078228796
47.75,-15.75,24,"D4W","24D4W",47.75,-15.75,2078228796
47.75,-16.25,24,"D3E","24D3E",47.75,-16.25,2078228796
47.75,-16.75,24,"D3W","24D3W",47.75,-16.75,2078228796
47.75,-17.25,24,"D2E","24D2E",47.75,-17.25,2078228796
47.75,-17.75,24,"D2W","24D2W",47.75,-17.75,2078228796
47.25,0.25,23,"F0W","23F0W",47.25,0.25,2098115553
47.25,-0.25,23,"E9E","23E9E",47.25,-0.25,2098115553
47.25,-0.75,23,"E9W","23E9W",47.25,-0.75,2098115553
47.25,-1.25,23,"E8E","23E8E",47.25,-1.25,2098115553
47.25,-1.75,23,"E8W","23E8W",47.25,-1.75,2098115553
47.25,-2.25,23,"E7E","23E7E",47.25,-2.25,2098115553
47.25,-2.75,23,"E7W","23E7W",47.25,-2.75,2098115553
47.25,-3.25,23,"E6E","23E6E",47.25,-3.25,2098115553
47.25,-3.75,23,"E6W","23E6W",47.25,-3.75,2098115553
47.25,-4.25,23,"E5E","23E5E",47.25,-4.25,2098115553
47.25,-4.75,23,"E5W","23E5W",47.25,-4.75,2098115553
47.25,-5.25,23,"E4E","23E4E",47.25,-5.25,2098115553
47.25,-5.75,23,"E4W","23E4W",47.25,-5.75,2098115553
47.25,-6.25,23,"E3E","23E3E",47.25,-6.25,2098115553
47.25,-6.75,23,"E3W","23E3W",47.25,-6.75,2098115553
47.25,-7.25,23,"E2E","23E2E",47.25,-7.25,2098115553
47.25,-7.75,23,"E2W","23E2W",47.25,-7.75,2098115553
47.25,-8.25,23,"E1E","23E1E",47.25,-8.25,2098115553
47.25,-8.75,23,"E1W","23E1W",47.25,-8.75,2098115553
47.25,-9.25,23,"E0E","23E0E",47.25,-9.25,2098115553
47.25,-9.75,23,"E0W","23E0W",47.25,-9.75,2098115553
47.25,-10.25,23,"D9E","23D9E",47.25,-10.25,2098115553
47.25,-10.75,23,"D9W","23D9W",47.25,-10.75,2098115553
47.25,-11.25,23,"D8E","23D8E",47.25,-11.25,2098115553
47.25,-11.75,23,"D8W","23D8W",47.25,-11.75,2098115553
47.25,-12.25,23,"D7E","23D7E",47.25,-12.25,2098115553
47.25,-12.75,23,"D7W","23D7W",47.25,-12.75,2098115553
47.25,-13.25,23,"D6E","23D6E",47.25,-13.25,2098115553
47.25,-13.75,23,"D6W","23D6W",47.25,-13.75,2098115553
47.25,-14.25,23,"D5E","23D5E",47.25,-14.25,2098115553
47.25,-14.75,23,"D5W","23D5W",47.25,-14.75,2098115553
47.25,-15.25,23,"D4E","23D4E",47.25,-15.25,2098115553
47.25,-15.75,23,"D4W","23D4W",47.25,-15.75,2098115553
47.25,-16.25,23,"D3E","23D3E",47.25,-16.25,2098115553
47.25,-16.75,23,"D3W","23D3W",47.25,-16.75,2098115553
47.25,-17.25,23,"D2E","23D2E",47.25,-17.25,2098115553
47.25,-17.75,23,"D2W","23D2W",47.25,-17.75,2098115553
46.75,0.25,22,"F0W","22F0W",46.75,0.25,2117842531
46.75,-0.25,22,"E9E","22E9E",46.75,-0.25,2117842531
46.75,-0.75,22,"E9W","22E9W",46.75,-0.75,2117842531
46.75,-1.25,22,"E8E","22E8E",46.75,-1.25,2117842531
46.75,-1.75,22,"E8W","22E8W",46.75,-1.75,2117842531
46.75,-2.25,22,"E7E","22E7E",46.75,-2.25,2117842531
46.75,-2.75,22,"E7W","22E7W",46.75,-2.75,2117842531
46.75,-3.25,22,"E6E","22E6E",46.75,-3.25,2117842531
46.75,-3.75,22,"E6W","22E6W",46.75,-3.75,2117842531
46.75,-4.25,22,"E5E","22E5E",46.75,-4.25,2117842531
46.75,-4.75,22,"E5W","22E5W",46.75,-4.75,2117842531
46.75,-5.25,22,"E4E","22E4E",46.75,-5.25,2117842531
46.75,-5.75,22,"E4W","22E4W",46.75,-5.75,2117842531
46.75,-6.25,22,"E3E","22E3E",46.75,-6.25,2117842531
46.75,-6.75,22,"E3W","22E3W",46.75,-6.75,2117842531
46.75,-7.25,22,"E2E","22E2E",46.75,-7.25,2117842531
46.75,-7.75,22,"E2W","22E2W",46.75,-7.75,2117842531
46.75,-8.25,22,"E1E","22E1E",46.75,-8.25,2117842531
46.75,-8.75,22,"E1W","22E1W",46.75,-8.75,2117842531
46.75,-9.25,22,"E0E","22E0E",46.75,-9.25,2117842531
46.75,-9.75,22,"E0W","22E0W",46.75,-9.75,2117842531
46.75,-10.25,22,"D9E","22D9E",46.75,-10.25,2117842531
46.75,-10.75,22,"D9W","22D9W",46.75,-10.75,2117842531
46.75,-11.25,22,"D8E","22D8E",46.75,-11.25,2117842531
46.75,-11.75,22,"D8W","22D8W",46.75,-11.75,2117842531
46.75,-12.25,22,"D7E","22D7E",46.75,-12.25,2117842531
46.75,-12.75,22,"D7W","22D7W",46.75,-12.75,2117842531
46.75,-13.25,22,"D6E","22D6E",46.75,-13.25,2117842531
46.75,-13.75,22,"D6W","22D6W",46.75,-13.75,2117842531
46.75,-14.25,22,"D5E","22D5E",46.75,-14.25,2117842531
46.75,-14.75,22,"D5W","22D5W",46.75,-14.75,2117842531
46.75,-15.25,22,"D4E","22D4E",46.75,-15.25,2117842531
46.75,-15.75,22,"D4W","22D4W",46.75,-15.75,2117842531
46.75,-16.25,22,"D3E","22D3E",46.75,-16.25,2117842531
46.75,-16.75,22,"D3W","22D3W",46.75,-16.75,2117842531
46.75,-17.25,22,"D2E","22D2E",46.75,-17.25,2117842531
46.75,-17.75,22,"D2W","22D2W",46.75,-17.75,2117842531
46.25,0.25,21,"F0W","21F0W",46.25,0.25,2137408226
46.25,-0.25,21,"E9E","21E9E",46.25,-0.25,2137408226
46.25,-0.75,21,"E9W","21E9W",46.25,-0.75,2137408226
46.25,-1.25,21,"E8E","21E8E",46.25,-1.25,2137408226
46.25,-1.75,21,"E8W","21E8W",46.25,-1.75,2137408226
46.25,-2.25,21,"E7E","21E7E",46.25,-2.25,2137408226
46.25,-2.75,21,"E7W","21E7W",46.25,-2.75,2137408226
46.25,-3.25,21,"E6E","21E6E",46.25,-3.25,2137408226
46.25,-3.75,21,"E6W","21E6W",46.25,-3.75,2137408226
46.25,-4.25,21,"E5E","21E5E",46.25,-4.25,2137408226
46.25,-4.75,21,"E5W","21E5W",46.25,-4.75,2137408226
46.25,-5.25,21,"E4E","21E4E",46.25,-5.25,2137408226
46.25,-5.75,21,"E4W","21E4W",46.25,-5.75,2137408226
46.25,-6.25,21,"E3E","21E3E",46.25,-6.25,2137408226
46.25,-6.75,21,"E3W","21E3W",46.25,-6.75,2137408226
46.25,-7.25,21,"E2E","21E2E",46.25,-7.25,2137408226
46.25,-7.75,21,"E2W","21E2W",46.25,-7.75,2137408226
46.25,-8.25,21,"E1E","21E1E",46.25,-8.25,2137408226
46.25,-8.75,21,"E1W","21E1W",46.25,-8.75,2137408226
46.25,-9.25,21,"E0E","21E0E",46.25,-9.25,2137408226
46.25,-9.75,21,"E0W","21E0W",46.25,-9.75,2137408226
46.25,-10.25,21,"D9E","21D9E",46.25,-10.25,2137408226
46.25,-10.75,21,"D9W","21D9W",46.25,-10.75,2137408226
46.25,-11.25,21,"D8E","21D8E",46.25,-11.25,2137408226
46.25,-11.75,21,"D8W","21D8W",46.25,-11.75,2137408226
46.25,-12.25,21,"D7E","21D7E",46.25,-12.25,2137408226
46.25,-12.75,21,"D7W","21D7W",46.25,-12.75,2137408226
46.25,-13.25,21,"D6E","21D6E",46.25,-13.25,2137408226
46.25,-13.75,21,"D6W","21D6W",46.25,-13.75,2137408226
46.25,-14.25,21,"D5E","21D5E",46.25,-14.25,2137408226
46.25,-14.75,21,"D5W","21D5W",46.25,-14.75,2137408226
46.25,-15.25,21,"D4E","21D4E",46.25,-15.25,2137408226
46.25,-15.75,21,"D4W","21D4W",46.25,-15.75,2137408226
46.25,-16.25,21,"D3E","21D3E",46.25,-16.25,2137408226
46.25,-16.75,21,"D3W","21D3W",46.25,-16.75,2137408226
46.25,-17.25,21,"D2E","21D2E",46.25,-17.25,2137408226
46.25,-17.75,21,"D2W","21D2W",46.25,-17.75,2137408226
45.75,0.25,20,"F0W","20F0W",45.75,0.25,2156811150
45.75,-0.25,20,"E9E","20E9E",45.75,-0.25,2156811150
45.75,-0.75,20,"E9W","20E9W",45.75,-0.75,2156811150
45.75,-1.25,20,"E8E","20E8E",45.75,-1.25,2156811150
45.75,-1.75,20,"E8W","20E8W",45.75,-1.75,2156811150
45.75,-2.25,20,"E7E","20E7E",45.75,-2.25,2156811150
45.75,-2.75,20,"E7W","20E7W",45.75,-2.75,2156811150
45.75,-3.25,20,"E6E","20E6E",45.75,-3.25,2156811150
45.75,-3.75,20,"E6W","20E6W",45.75,-3.75,2156811150
45.75,-4.25,20,"E5E","20E5E",45.75,-4.25,2156811150
45.75,-4.75,20,"E5W","20E5W",45.75,-4.75,2156811150
45.75,-5.25,20,"E4E","20E4E",45.75,-5.25,2156811150
45.75,-5.75,20,"E4W","20E4W",45.75,-5.75,2156811150
45.75,-6.25,20,"E3E","20E3E",45.75,-6.25,2156811150
45.75,-6.75,20,"E3W","20E3W",45.75,-6.75,2156811150
45.75,-7.25,20,"E2E","20E2E",45.75,-7.25,2156811150
45.75,-7.75,20,"E2W","20E2W",45.75,-7.75,2156811150
45.75,-8.25,20,"E1E","20E1E",45.75,-8.25,2156811150
45.75,-8.75,20,"E1W","20E1W",45.75,-8.75,2156811150
45.75,-9.25,20,"E0E","20E0E",45.75,-9.25,2156811150
45.75,-9.75,20,"E0W","20E0W",45.75,-9.75,2156811150
45.75,-10.25,20,"D9E","20D9E",45.75,-10.25,2156811150
45.75,-10.75,20,"D9W","20D9W",45.75,-10.75,2156811150
45.75,-11.25,20,"D8E","20D8E",45.75,-11.25,2156811150
45.75,-11.75,20,"D8W","20D8W",45.75,-11.75,2156811150
45.75,-12.25,20,"D7E","20D7E",45.75,-12.25,2156811150
45.75,-12.75,20,"D7W","20D7W",45.75,-12.75,2156811150
45.75,-13.25,20,"D6E","20D6E",45.75,-13.25,2156811150
45.75,-13.75,20,"D6W","20D6W",45.75,-13.75,2156811150
45.75,-14.25,20,"D5E","20D5E",45.75,-14.25,2156811150
45.75,-14.75,20,"D5W","20D5W",45.75,-14.75,2156811150
45.75,-15.25,20,"D4E","20D4E",45.75,-15.25,2156811150
45.75,-15.75,20,"D4W","20D4W",45.75,-15.75,2156811150
45.75,-16.25,20,"D3E","20D3E",45.75,-16.25,2156811150
45.75,-16.75,20,"D3W","20D3W",45.75,-16.75,2156811150
45.75,-17.25,20,"D2E","20D2E",45.75,-17.25,2156811150
45.75,-17.75,20,"D2W","20D2W",45.75,-17.75,2156811150
45.25,0.25,19,"F0W","19F0W",45.25,0.25,2176049824
45.25,-0.25,19,"E9E","19E9E",45.25,-0.25,2176049824
45.25,-0.75,19,"E9W","19E9W",45.25,-0.75,2176049824
45.25,-1.25,19,"E8E","19E8E",45.25,-1.25,2176049824
45.25,-1.75,19,"E8W","19E8W",45.25,-1.75,2176049824
45.25,-2.25,19,"E7E","19E7E",45.25,-2.25,2176049824
45.25,-2.75,19,"E7W","19E7W",45.25,-2.75,2176049824
45.25,-3.25,19,"E6E","19E6E",45.25,-3.25,2176049824
45.25,-3.75,19,"E6W","19E6W",45.25,-3.75,2176049824
45.25,-4.25,19,"E5E","19E5E",45.25,-4.25,2176049824
45.25,-4.75,19,"E5W","19E5W",45.25,-4.75,2176049824
45.25,-5.25,19,"E4E","19E4E",45.25,-5.25,2176049824
45.25,-5.75,19,"E4W","19E4W",45.25,-5.75,2176049824
45.25,-6.25,19,"E3E","19E3E",45.25,-6.25,2176049824
45.25,-6.75,19,"E3W","19E3W",45.25,-6.75,2176049824
45.25,-7.25,19,"E2E","19E2E",45.25,-7.25,2176049824
45.25,-7.75,19,"E2W","19E2W",45.25,-7.75,2176049824
45.25,-8.25,19,"E1E","19E1E",45.25,-8.25,2176049824
45.25,-8.75,19,"E1W","19E1W",45.25,-8.75,2176049824
45.25,-9.25,19,"E0E","19E0E",45.25,-9.25,2176049824
45.25,-9.75,19,"E0W","19E0W",45.25,-9.75,2176049824
45.25,-10.25,19,"D9E","19D9E",45.25,-10.25,2176049824
45.25,-10.75,19,"D9W","19D9W",45.25,-10.75,2176049824
45.25,-11.25,19,"D8E","19D8E",45.25,-11.25,2176049824
45.25,-11.75,19,"D8W","19D8W",45.25,-11.75,2176049824
45.25,-12.25,19,"D7E","19D7E",45.25,-12.25,2176049824
45.25,-12.75,19,"D7W","19D7W",45.25,-12.75,2176049824
45.25,-13.25,19,"D6E","19D6E",45.25,-13.25,2176049824
45.25,-13.75,19,"D6W","19D6W",45.25,-13.75,2176049824
45.25,-14.25,19,"D5E","19D5E",45.25,-14.25,2176049824
45.25,-14.75,19,"D5W","19D5W",45.25,-14.75,2176049824
45.25,-15.25,19,"D4E","19D4E",45.25,-15.25,2176049824
45.25,-15.75,19,"D4W","19D4W",45.25,-15.75,2176049824
45.25,-16.25,19,"D3E","19D3E",45.25,-16.25,2176049824
45.25,-16.75,19,"D3W","19D3W",45.25,-16.75,2176049824
45.25,-17.25,19,"D2E","19D2E",45.25,-17.25,2176049824
45.25,-17.75,19,"D2W","19D2W",45.25,-17.75,2176049824
44.75,-0.25,18,"E9E","18E9E",44.75,-0.25,2195122784
44.75,-0.75,18,"E9W","18E9W",44.75,-0.75,2195122784
44.75,-1.25,18,"E8E","18E8E",44.75,-1.25,2195122784
44.75,-1.75,18,"E8W","18E8W",44.75,-1.75,2195122784
44.75,-2.25,18,"E7E","18E7E",44.75,-2.25,2195122784
44.75,-2.75,18,"E7W","18E7W",44.75,-2.75,2195122784
44.75,-3.25,18,"E6E","18E6E",44.75,-3.25,2195122784
44.75,-3.75,18,"E6W","18E6W",44.75,-3.75,2195122784
44.75,-4.25,18,"E5E","18E5E",44.75,-4.25,2195122784
44.75,-4.75,18,"E5W","18E5W",44.75,-4.75,2195122784
44.25,-1.25,17,"E8E","17E8E",44.25,-1.25,2214028576
44.25,-1.75,17,"E8W","17E8W",44.25,-1.75,2214028576
44.25,-2.25,17,"E7E","17E7E",44.25,-2.25,2214028576
44.25,-2.75,17,"E7W","17E7W",44.25,-2.75,2214028576
